-0.39767388743328569,0.9419944480547352,-1.5634999999999999
1.0212461532062573,0.94524696322831814,3.8412999999999999
-0.89357288509158073,0.99235950715344901,-3.2197
1.65745996273581,0.72589248842542664,6.0956000000000001
1.6301291465354637,1.3235990257486585,5.9720000000000004
0.19435512689925816,1.0467715311244332,0.80420000000000003
-4.266607435420978,1.3523837090785733,-15.8424
1.4039409960591893,1.0444775291239132,5.1618000000000004
0.18534775697809147,1.001477167142742,0.65780000000000005
6.3739354968113693,1.0219176147738267,23.639600000000002
-0.76779738902940164,1.1833170969209792,-2.8559999999999999
0.19266215057940961,0.77175372068568437,0.78339999999999999
1.2038473769136171,1.0204334822721532,4.5027999999999997
3.391962842444757,1.0408814329324436,12.5755
3.3448227021206054,1.1580910153327266,12.2818
1.3382087977276738,0.76079434354789044,5.0076000000000001
0.017351537716219445,1.0551300174938201,0.0521
-0.65880625197604448,0.89964340451255742,-2.4699
0.62071898286937544,1.348288823980724,2.2094
1.86651669132418,0.76759800640119802,6.9499000000000004
-3.7370672367495024,1.2911173847908057,-13.7685
0.24550704801042533,1.1881734993101836,0.93240000000000001
0.34665324276810461,0.87904034356790439,1.2441
2.7913769737187821,0.89019291776008169,10.265000000000001
0.1936156682097383,1.2065997427323953,0.70289999999999997
0.80026926003536181,0.81484674735281237,2.9866999999999999
1.5159731869278827,1.1509906430304464,5.5327000000000002
0.5895911974421244,0.93078392046867897,2.1663000000000001
0.001958784155276394,1.0026221990155479,0.043799999999999999
6.5563019576740773,0.88798121096837312,24.142099999999999
1.1240147676816998,1.4443018724849939,4.2022000000000004
-0.92803134445592561,1.1898056853591439,-3.3481000000000001
2.8696965339567901,0.73473540234885282,10.5749
-1.5479594204167579,1.0820564925650382,-5.6535000000000002
-0.5705366559791889,1.0434384977784701,-2.0419999999999998
0.13766691117647845,0.98403363142285516,0.4995
-1.5504825759197964,1.0592241240579996,-5.6870000000000003
0.90873800473545074,1.1686063662680863,3.2871999999999999
-0.014449991054908295,0.92922761080965866,0.0126
0.43755029821523916,1.1430346072612436,1.5181
0.95288862405075192,0.76440531605071693,3.5905999999999998
2.5453427548126371,0.97167671624089047,9.4090000000000007
-0.71359193205842586,0.78312524152525775,-2.5518000000000001
2.2289144131643157,0.82236398194584837,8.2490000000000006
-0.34216592097253207,1.1005518970829637,-1.3026
-0.52381494966672659,0.99659346600929033,-1.9452
0.098861740454467939,1.3817139131694152,0.31950000000000001
-1.2028234033451968,0.68403563246226096,-4.3834
-0.75960882546636221,1.2284397023969975,-2.8359999999999999
1.6056979404385237,1.0629782353524577,5.8456000000000001
1.7691207774943785,0.9104517723886183,6.4877000000000002
1.9683762902989317,0.90699584459348126,7.2736999999999998
1.6115704149450121,1.0818947280805102,6.0284000000000004
3.5547428159336629,1.0707337335345828,13.1319
1.0780421038552275,1.2169269172617148,3.9441000000000002
-0.097418631177654147,0.56830990658757485,-0.26629999999999998
-1.6251533333931287,0.86802556140336307,-5.9394
-1.3591902696665343,0.90441909005355259,-5.0867000000000004
3.333704488247506,0.75490611289784093,12.267300000000001
1.7646575959271731,1.3169500110355243,6.4473000000000003
1.0523037993210325,0.56154750428793032,3.9238
-2.5540874643324334,1.0303872380949519,-9.4741999999999997
0.47298882869889369,1.0116990112467925,1.6557999999999999
3.4663549566535434,1.0155483690055433,12.7453
4.302816228387587,1.0729265408542474,15.806100000000001
0.89098942604234743,1.0388531152693352,3.3734000000000002
1.2591979188910956,0.81558710760310216,4.6703000000000001
4.0159082346053836,0.88073172875979922,14.8759
-1.7833449760993778,0.71620669807736226,-6.5491999999999999
2.7416922357518971,0.96476886285884522,10.154400000000001
1.3531391545366027,1.1360219864957424,5.0297000000000001
1.3032246281410944,1.2016497828072326,4.7297000000000002
5.3382341810670004,1.0188319426523731,19.767499999999998
-0.62010261706034697,0.92118156157671693,-2.2063000000000001
2.8362794529539403,1.0520186332214134,10.5344
-0.88381249360906211,0.97999392590353651,-3.1650999999999998
-2.0475517366343814,0.61041102453532259,-7.6539999999999999
-1.3851422413987788,1.1050302040213591,-5.0171000000000001
2.4916385127553173,0.92980156231080102,9.1819000000000006
4.3840877566171947,1.0020409284683169,16.111999999999998
1.8907063962543726,0.9759645691027663,7.0805999999999996
2.8916707735874803,1.2703934811158921,10.739800000000001
4.4705600905732865,1.0400450617866848,16.603899999999999
3.7966771077563339,0.6895848069223125,14.023300000000001
-0.10247344397732472,0.73963589738445867,-0.28649999999999998
-2.0780912256352151,1.0539601707757125,-7.6708999999999996
0.37174890905840496,1.0603266026616665,1.2867999999999999
3.7402318473096452,1.0858723016952421,13.8596
1.1634400553126971,1.0510416440163732,4.2724000000000002
0.064069223335797676,1.0737629143560257,0.33029999999999998
2.444694771956863,1.2117492329539103,9.0134000000000007
0.11757550507302772,0.85858897957392089,0.50539999999999996
3.2652047854318966,1.041834642090858,12.068300000000001
-0.11124727332598039,0.82321177438719628,-0.36940000000000001
-0.3177175595768178,0.74431067050632393,-1.1274999999999999
2.9107098016016297,0.87915774611334507,10.763400000000001
-2.5448799952183934,1.1982403303663165,-9.3972999999999995
-0.018199490060033963,0.93593392821673616,0.0097999999999999997
1.7940567568608146,1.0777083856110632,6.6806000000000001
1.8887220858541158,1.0555921477370145,7.0393999999999997
-0.82495812189241891,1.3301240576896984,-3.0257000000000001
-0.046729299977863903,1.2505892200198117,-0.085599999999999996
2.294492188707042,1.0585318008793529,8.3816000000000006
-0.45820844595578025,1.344523256705729,-1.7829999999999999
1.8749082728078541,1.1399152637642371,6.9786999999999999
2.6764365596521715,1.0608685373247653,9.8878000000000004
2.3417579511501092,1.4049651733793913,8.6308000000000007
1.1507253973057525,1.0079628100511406,4.2850999999999999
-0.50127713000347485,1.1572032809361261,-1.7551000000000001
0.083370307904580887,1.1848662130526786,0.31969999999999998
-0.24083229267955275,1.2331928811469204,-0.83179999999999998
-3.6055335704447122,1.1013342541595774,-13.3248
-0.038091804838600085,0.88006680337642629,-0.13700000000000001
0.95068037794339721,0.7070399667151599,3.5920000000000001
6.6268684418472805,1.0827591176705631,24.447399999999998
0.8716355590623649,0.95012601792039031,3.2454000000000001
1.3110982054825635,0.98475003816606299,4.9073000000000002
1.3356179555174741,1.0402274410260699,4.8689999999999998
-0.15238397685664617,0.90494000529526364,-0.65769999999999995
1.0578521002012464,0.6704151902152462,3.9744999999999999
-0.12944700400519471,1.1017506173467904,-0.43280000000000002
-0.16398884855844553,1.0738081362584753,-0.54110000000000003
-0.20854950927698157,1.0838912752237737,-0.82809999999999995
0.95984311880968376,1.2075076031564143,3.4577
0.41908370200717104,0.96158906825308232,1.6131
0.62217489346951149,0.95437374387362206,2.2879
0.64637986218006893,0.82455194990203651,2.4203000000000001
3.1552924453145605,1.0689246165629729,11.728
1.2412116644761995,1.5178805642591033,4.6443000000000003
0.39543655693194846,0.78904129314210658,1.5394000000000001
3.7609030052081645,1.2900088127358955,13.847200000000001
-1.6532769142437735,1.0241919633385199,-6.0980999999999996
-4.6564173480640525,0.96850599449485297,-17.261299999999999
2.7602287636264902,0.73159591967199766,10.2562
-0.49435163356877299,0.6154404225961525,-1.7868999999999999
0.92451943041311324,1.1446684858367495,3.4127000000000001
2.2013636834706061,0.64916505460473917,8.1318999999999999
-0.95252256993583551,1.2486135403015826,-3.5655000000000001
0.57310553470747372,1.0063794101957135,2.2052
2.9707151575207256,1.1814113065702143,11.025600000000001
-0.95089260886014748,1.1860701976514403,-3.4361000000000002
-0.29344852432369795,0.75021625665454883,-1.0900000000000001
2.2749098569557464,1.1928986509819874,8.4756999999999998
1.3317759565454512,1.006600842461522,4.9420999999999999
3.7662860697061991,0.90691975616511133,13.845599999999999
4.1196538603540622,0.94072289504064821,15.153499999999999
2.5590860908894548,1.2137994539882382,9.4532000000000007
3.3288689984195701,1.2517142302052164,12.2059
2.7310749362439672,0.93742219621506617,10.1759
0.13822287549709555,0.98052637480873983,0.51029999999999998
0.66715880623190404,1.0806475604073775,2.4961000000000002
2.3234062884678393,0.73748684149063015,8.4939999999999998
1.3120200242882833,1.4128403061947801,4.7950999999999997
2.2157365435956535,1.12141264842669,8.1190999999999995
2.8828341880122732,0.91446924466749135,10.6511
0.97222541604254697,0.87231283850528152,3.5541999999999998
2.7107623045850961,1.5393012508099133,10.0908
0.57471512969944194,1.0224118251884535,2.0768
-1.5678600522206931,0.69923865077837855,-5.8219000000000003
1.0579223358550098,1.0650161172143673,3.8700000000000001
5.2774070835944835,0.68573434352957729,19.415199999999999
1.9228842476058212,1.4495540948446441,7.1513
-0.31501844592401218,1.2860705436128761,-1.1920999999999999
-1.9328446473015375,1.217665647934318,-7.1071
-0.44138695318781496,1.389931915445604,-1.6237999999999999
4.1853075084807214,1.0127459627943705,15.4773
3.3253786297019881,1.5304177898671423,12.300800000000001
-0.087687758543038896,0.69748398930548339,-0.27460000000000001
3.1539806474218417,1.0662295197761416,11.741099999999999
-2.4558614298526145,1.1105083259378472,-9.0427999999999997
1.2036875896617447,1.2049670859427453,4.3775000000000004
1.2539561555142378,1.0254221742339624,4.5761000000000003
0.18967826520134501,1.2254276217691877,0.70199999999999996
1.8037818256101241,1.0966066517341893,6.6219999999999999
-0.059969013586185893,0.91305858276333207,-0.28899999999999998
0.40104977779060025,1.0595753396764713,1.4439
0.77621056547186162,0.90050354899740137,2.7885
2.8106042598260785,0.9078003668775062,10.3194
2.397404441709325,0.83578599459561898,8.8109999999999999
4.231815398109287,0.95523446868023876,15.648999999999999
-3.0658792783725284,1.2667301413376806,-11.2247
-1.0343555205710206,1.3097981424366427,-3.8508
0.54800908225404887,0.73354356024022227,2.0853999999999999
-0.3141426298531711,1.1918889005454112,-1.1325000000000001
1.3763038560369361,0.80937763288193032,5.0358999999999998
-1.6116898765636525,0.50913413634518312,-6.0054999999999996
2.8649053073141113,0.97569458122008279,10.4861
-0.21153464479613526,1.290852914996663,-0.87290000000000001
3.6511175153303026,1.1579380968212818,13.485900000000001
3.8145504245984339,0.81368138492658137,14.144500000000001
2.5802831261114854,1.3530110097667434,9.6109000000000009
-2.8121577744249913,0.90255093963381783,-10.4054
0.90291796044986916,0.79546143704918637,3.3671000000000002
1.7229273319486482,0.69672572449371972,6.2723000000000004
1.2966667117864057,1.0081503790814881,4.7209000000000003
-0.19223808498408657,0.88201013219692526,-0.66690000000000005
-4.3114562553798601,0.98479456512749886,-15.952400000000001
2.7947613730034551,0.86916613392192754,10.400499999999999
2.5156933992602393,1.2556331529207974,9.2405000000000008
2.6048823133754473,1.1638197409268978,9.6076999999999995
-0.018870261122094334,0.94155944904356503,-0.13120000000000001
3.0758964730286702,1.1707142868402722,11.269399999999999
0.10765991471931191,0.91957652270406409,0.44979999999999998
2.563274594043035,0.66843572412999408,9.3808000000000007
1.8901412808141436,1.1946519766388155,7.0548999999999999
-0.12597416744537049,1.0061747304647386,-0.42580000000000001
2.9958027241530001,1.2655524118642065,11.0677
0.76509301063949053,1.0147155378130768,2.8668
4.9448136525215993,1.0924227274549694,18.167100000000001
1.6887002987527797,0.86739614134963894,6.2680999999999996
0.80881248197928679,0.86503940278164448,2.9253999999999998
-0.49724501216700068,1.2218491321923546,-1.8604000000000001
3.059822083219601,0.93587076624546328,11.362299999999999
2.8593494753548185,0.73778862430029679,10.6076
3.6858808434796706,0.69797456673971858,13.547000000000001
-0.58301924348420142,1.1797311660916279,-2.1105
1.750097918722799,0.88472891869316028,6.5559000000000003
4.0350068206539502,0.84484067387228368,14.8438
-0.39387273250466626,0.95075446180267786,-1.4400999999999999
3.1264291299610871,1.3029231407234165,11.5174
-1.4082358512241986,0.88699435592465625,-5.2388000000000003
-3.128142427417119,1.3373942540724055,-11.6328
0.57394128262726163,1.045805957728575,2.1810999999999998
-0.1250947175753141,0.8972295327721862,-0.45229999999999998
3.5835812371074378,1.3106804299051984,13.141
1.9252163908339113,0.70141014512656663,7.1536
-0.89198484489842267,1.0070691696715877,-3.3111000000000002
0.93593816443169697,0.84219516647299419,3.5565000000000002
-0.57446239332036586,1.1947298532906654,-2.1842000000000001
2.1457624731302598,0.9613149877930327,7.9863999999999997
1.7378159091085084,0.97587186544612914,6.3352000000000004
-2.1046318181427535,0.95728782560036862,-7.8136999999999999
1.1019323891362447,0.77904001780026932,4.1238999999999999
1.8004732480058094,0.9636507079378186,6.5529000000000002
1.8407577287383829,1.0303347196662647,6.7169999999999996
0.39998036284084915,1.1946582716405203,1.4500999999999999
6.1593477815031408,0.96541159313331393,22.675799999999999
-0.12825107689511817,0.65281987069672098,-0.51539999999999997
3.3423004697300662,0.84595519177110656,12.4183
3.1198483122062877,0.71986093628203318,11.4771
2.7884878223226406,0.96391313271424883,10.354799999999999
2.0712898061573206,1.1372122574257242,7.6444999999999999
1.9167143225348102,0.82897296884563798,7.0491999999999999
5.2410893552633793,0.92133527028084972,19.439599999999999
1.1450005934930267,0.7370038118565434,4.2834000000000003
4.0310321949662127,0.63178760775710496,14.889799999999999
2.4509502883578334,0.65728605150804931,9.0202000000000009
1.5622023714873965,1.2084013799610693,5.7042999999999999
1.2129771733434329,1.3101070978370686,4.5133999999999999
3.9430201194698187,0.80634329874271826,14.509600000000001
0.45531178420782847,0.99479242393590794,1.7625
0.86082418799534288,1.1240267537147783,3.1634000000000002
-0.41611358119321085,1.0595149655974085,-1.5331999999999999
1.3082092511090593,0.80986617312350129,4.7887000000000004
3.1601858749172926,0.93660594919418683,11.6371
-0.35359847742450801,1.346416877453958,-1.3252999999999999
-0.60646585276848497,1.0409305443487891,-2.2566000000000002
1.3390317912019385,0.97803819023936178,4.8727
1.6627952286224619,0.66881023295546504,6.0761000000000003
-3.6434296691827646,0.89059192999310643,-13.421200000000001
0.5900132871933047,0.89923467480998887,2.1497999999999999
1.919541508483277,0.98720081885701083,7.0785999999999998
2.2122336714984625,1.0047600432081825,8.0965000000000007
3.8887291185368076,0.84023004536398194,14.341900000000001
-1.8578688125884315,0.90046281493921665,-6.8657000000000004
-0.18977990957577373,1.0876577336563809,-0.73860000000000003
0.98385083138856111,0.97867741383953799,3.6556999999999999
1.8742742320237218,0.86617790312754894,6.8299000000000003
3.6612044555095768,0.75346849805422655,13.564
3.4225170595449805,1.1012630362475881,12.598800000000001
1.2960869371406474,1.1736394142796578,4.7610000000000001
0.044533012824298002,0.78260230960834343,0.25990000000000002
2.935580113791632,1.2190403959379295,10.7723
1.0712543253407267,1.1148094412549063,4.0350000000000001
1.4517638324055289,0.87881194657621142,5.3940000000000001
-0.45889298980643822,1.2619234574618476,-1.7436
1.2163404419613384,0.9264332007925753,4.5063000000000004
0.90308404818716626,1.2503117787139173,3.2429000000000001
0.67911129789368507,0.53554916480425874,2.4923000000000002
4.052057358348816,1.0185292944569755,15.025399999999999
4.0564094605271936,1.0689664855803713,14.9703
-2.3453678948432262,1.0185494882724939,-8.5733999999999995
0.24340044671216776,0.94204761763175504,0.81120000000000003
0.37225624173389738,1.1400525494964715,1.4471000000000001
0.12616939147460526,1.0447328203919746,0.40889999999999999
0.27550559786877815,0.61995164875051922,0.9819
-1.8009337861862154,1.0925588436360487,-6.5864000000000003
-0.017439569707839997,1.0908916372412172,-0.016199999999999999
1.0267652692656635,1.0664865192686592,3.7982
-1.1072671686993356,1.0774693042384951,-4.1539999999999999
-0.72691631636930953,0.78282815533257444,-2.6560999999999999
5.637693175729293,0.99075904202162146,20.740500000000001
2.2169668923671422,1.1318013869283843,8.1769999999999996
3.6230572445352469,0.71881580635199338,13.388299999999999
2.298923211617045,1.1205507547458939,8.4068000000000005
1.2161306658662119,0.86823775079925081,4.5042
4.6378647112344762,0.79656587750092678,17.2148
0.57260251917075422,0.85938886867411857,2.1690999999999998
1.5486936906376538,1.0125412363848447,5.7816999999999998
0.96590031548362376,0.53710017622233508,3.4944000000000002
1.1477900666962935,0.6290517695950506,4.1577999999999999
3.2385667036624599,0.94059483878600536,12.003
1.5517138623733615,0.99198272041936131,5.758
-0.57319687087744287,0.81283481658476275,-2.0230999999999999
1.9657348487943858,0.81118177704302941,7.1653000000000002
0.97280271302830235,1.0456546720807367,3.6911
-0.68898147903795581,0.6925197603638098,-2.6080000000000001
2.1583161285025185,1.226110376913599,8.0274999999999999
-0.079382160601906726,1.2569888853871212,-0.36199999999999999
-0.39875861147154845,1.0793468912230937,-1.5309999999999999
0.7804418803549017,0.91987973913861909,2.8323
5.1242660368132276,1.2401697916855958,18.9407
0.46943221659998735,0.6901548322749147,1.6674
-1.5011632657483469,1.0518875995431525,-5.6050000000000004
0.20667422595106655,1.1329235551582564,0.85129999999999995
1.6437107931227177,1.50332503692081,6.0106000000000002
-0.21088925216902665,1.3196850877524962,-0.69099999999999995
0.73766775031895127,1.1006009439145019,2.7717000000000001
3.6150731810937011,0.68827853155287644,13.449400000000001
3.9508610001666078,1.1978648173745248,14.627599999999999
0.083325891811465769,1.0231068774559495,0.21729999999999999
0.59301555392587413,1.0666670932048814,2.2713000000000001
-0.30490723881697179,0.64486169100562152,-1.1215999999999999
1.9855727557645699,0.8810043019281435,7.3689999999999998
0.49753021592225177,1.1447649276320548,1.7962
1.3060898938633505,0.81721904440565529,4.8955000000000002
3.3176092205843175,1.1054396306720902,12.156499999999999
2.4817638774035409,1.2878713709308329,9.1768000000000001
1.4763600100371059,1.3032209995285875,5.3845000000000001
5.0156107431364019,1.0063485876061418,18.427700000000002
1.4256508259625398,1.0200157698660832,5.3102999999999998
3.7241268119574134,0.59319500571015116,13.805099999999999
3.8340525954568365,0.95139030356917809,14.1195
1.2874583241529223,0.94986180165367018,4.8305999999999996
-0.54390358586379306,1.1606798668913734,-2.0897000000000001
1.2084012153224151,1.3365637823292897,4.3803000000000001
-0.00034324484145242806,1.1045246390930084,-0.1003
0.13184400416864062,0.91348700711751385,0.39550000000000002
0.65848637565262824,0.67359729440057592,2.3454000000000002
2.7867950898688889,0.89834879957745439,10.382999999999999
0.71086327624726031,0.91413949824248819,2.6314000000000002
-1.9593437815356896,0.58537834654337917,-7.1534000000000004
-2.1388581503097921,1.0561707652123802,-7.8544999999999998
1.2997628277508526,1.1299031132035089,4.7125000000000004
-0.81764407006297946,1.0418341057980423,-3.0150000000000001
2.7879232849869897,0.96709618459293178,10.3026
4.3201566471777415,1.0400088391375035,15.958600000000001
3.2431059287492499,0.90756760466766395,11.9917
0.38694892444657192,1.1702945291208082,1.3426
-0.39672946145467014,1.4122201423779208,-1.3980999999999999
2.7672677151968017,1.0513083818265632,10.2569
-0.14880829319431155,0.80385787583599666,-0.60419999999999996
0.5625944515351784,1.0131657629384749,1.9971000000000001
3.3770991010511837,0.78913357725750266,12.517099999999999
4.0467676676119702,0.88268423475484492,14.8758
1.9174339975810963,1.0695003534635545,7.0938999999999997
-1.3787896826994483,1.1834256107006991,-5.1471999999999998
0.015951854649638775,0.97262769722015263,0.0077000000000000002
-0.25872952826350737,0.9748489703744766,-1.0339
-1.9475450595601425,1.0847010051212218,-7.2868000000000004
2.5788609095574921,0.86989197661222506,9.6181999999999999
0.95636283656942234,1.1906289446830347,3.6147
-1.1509973790974168,0.71006768155104338,-4.1970999999999998
2.5394922101571247,0.74893710766805399,9.4145000000000003
-0.22698695940658342,0.88710265686540257,-0.85980000000000001
5.3742682067535554,1.3686290711945448,19.851099999999999
2.6880821778129018,0.99433452836657077,9.9658999999999995
-2.7342979011382926,1.099307107454041,-10.155799999999999
-0.033233095864605433,1.0277595337464374,-0.18740000000000001
-0.88892955284924535,0.87380421951753917,-3.1848000000000001
0.052074602623375599,0.85661421247876679,0.1462
0.15956462896810941,0.87268725427629934,0.58720000000000006
-0.6161160507878809,0.84652431670281347,-2.3428
0.61658462439945949,0.80052952397505539,2.3273999999999999
0.082596584139875584,1.5810329182348941,0.3231
-2.7823733420700845,1.1869834514851518,-10.1851
1.3473555144526013,0.65263728712090363,4.8846999999999996
1.0886576038425995,1.0484863665277728,3.9251999999999998
0.83086511998978252,1.4343715059434232,3.1299000000000001
0.61958330455951449,0.84749168181003165,2.2959999999999998
1.394890793645837,1.2595576944521962,5.0869999999999997
-0.39398590594611149,0.94346919626851067,-1.5404
1.2580688662252564,1.3317590530847445,4.5972999999999997
4.756195362639593,0.90992592467426248,17.6142
3.5291688204807588,0.67839588108387527,13.0753
2.4629589811708312,0.73726712174276154,9.1326000000000001
2.6211233944544619,0.75868752765158076,9.6402000000000001
2.7038248950613037,0.79676529874603752,9.9974000000000007
0.63558584812939056,0.80924996907361302,2.3631000000000002
2.7749051291493645,1.0447307941063604,10.281700000000001
2.2542556144948427,1.0903633272190629,8.3490000000000002
-0.21838582982315025,0.96235227391325595,-0.89980000000000004
-0.63171905307331166,1.249609707918014,-2.4184000000000001
2.1233174363051166,0.89424558047434688,7.9263000000000003
-2.0547340438480619,1.098569363361668,-7.5194999999999999
0.34349529566226622,0.90304251375088185,1.1930000000000001
1.8010385045968311,1.076571890271373,6.6783000000000001
-1.6661014358081641,1.0268648185925395,-6.1326999999999998
1.8718255201329437,0.8978805781928807,6.9588000000000001
-0.59792624739818478,0.92678645978095231,-2.1919
5.2518795737287256,1.0257811058887676,19.496400000000001
-5.6970956062692819,0.91808797423568433,-21.1404
0.3326611386436239,0.79090671868607898,1.2464
-0.76411203841839881,1.4300911378900303,-2.8875000000000002
-0.50423259913360829,1.1874016655200765,-1.8931
3.4188387396580064,0.85417199808843269,12.626899999999999
-0.027145654103632566,0.51689091592462066,-0.12470000000000001
4.4663366135540157,1.2853856947596798,16.584
-0.43030756294506367,1.4020762262894086,-1.5448999999999999
2.3811979223954713,1.0197164835704329,8.7589000000000006
3.3406837454175546,0.95078732317439585,12.3245
-0.90781463253654726,1.2647117332502718,-3.2881999999999998
-1.457256541709905,0.97220963653238701,-5.4725000000000001
-1.0799959574970606,0.87655821673011514,-4.0869999999999997
2.5298525326249339,0.6473526061281073,9.2609999999999992
0.90122231128331487,1.0394929674326299,3.2766999999999999
0.51370925980478477,0.9605117849656486,1.8024
0.28579556058839028,0.81376925631815,1.0251999999999999
1.4239358528512378,1.2354706295909479,5.2081999999999997
2.0203508516675193,0.62104863631404716,7.3898999999999999
2.8514485016586604,1.095615078463622,10.5084
7.5238281000254528,0.9306565463743518,27.731000000000002
2.1330958626801122,0.71912935925071064,7.7965
0.14546726274716792,0.82153009532906085,0.4965
2.356219775867527,0.86234983619648031,8.7676999999999996
0.87925291160451557,1.2253500170581313,3.2688999999999999
-1.1317450900551402,1.2359360852208174,-4.1124999999999998
3.4977136437008274,1.1180736074182926,12.897600000000001
4.0686532581301549,1.2696884800317885,15.003399999999999
1.3367768392425798,0.74487791128788361,4.9985999999999997
1.2253576922915594,0.83440122983446585,4.6216999999999997
-2.8734263967047169,1.4053885338776577,-10.6143
1.7746916369134826,1.3724524839531853,6.5815000000000001
2.548643090324608,1.0565095329468075,9.4651999999999994
1.5747925834561365,1.3356809342672034,5.8118999999999996
3.2077782205372802,1.1132311575230394,11.8063
-0.16729577867350298,1.4781408457711294,-0.58340000000000003
2.4621998239283673,1.073798063600828,9.0492000000000008
3.0052207329321248,1.5254436698213611,11.005000000000001
2.2859564819658029,0.71201188701779849,8.5202000000000009
-1.5279582341894811,1.116513347815222,-5.6134000000000004
4.9203684574285198,1.3099772926098221,18.150200000000002
-0.29530869711139363,1.1178733965274945,-1.1249
0.96415509345095918,0.76994542864826043,3.5777999999999999
3.5093568155341179,1.0572450879909001,12.988
0.5960427997829163,0.73583024722779222,2.2440000000000002
-2.211245887660811,1.3094705096461565,-8.1376000000000008
0.86646145144799291,1.2132790552184451,3.1966000000000001
6.0536294926469214,0.81251521362050438,22.391500000000001
2.0753685375902835,0.88328228730567759,7.5739999999999998
3.3916836616612041,0.74639497583737624,12.625999999999999
1.7537295381713267,0.584183990543784,6.4001000000000001
3.2466759550160287,0.73524445099474045,11.904400000000001
-1.535245512745349,0.72552660084585274,-5.7134999999999998
0.49507564395378345,0.95843346787444916,1.7895000000000001
1.462063558522096,1.1889115698621442,5.3681999999999999
1.1612221816154911,1.4655599242300661,4.3033000000000001
2.2835253952806305,0.81557092006975462,8.5340000000000007
-0.72268968592544391,1.1975856131701308,-2.5760999999999998
-2.6154298352466538,0.93659312397078842,-9.7127999999999997
-0.23878901811072772,1.0556610060854812,-0.90449999999999997
-1.0150687722868246,1.409458110854843,-3.7496
0.48165934802211585,1.1442842318093303,1.7144999999999999
3.0141221518466206,1.0380278151436346,11.1053
3.968034095279144,0.61910714053306304,14.7364
2.8415022677856636,0.82387543963885657,10.574
3.3257396742512002,0.92835676072413331,12.3224
3.5354284885142104,0.97139396669970612,13.0283
0.90163379052610559,1.0510536547558602,3.3525999999999998
4.2495560153249583,0.9913925520155823,15.7682
3.4700950092280767,0.85669986245104579,12.8965
3.6420421577872597,1.1662456972208399,13.392200000000001
-1.8789264957305902,0.72537495358169168,-6.9810999999999996
2.4798511373058916,0.96078786455563325,9.1141000000000005
0.44729489864966898,1.3224344715598551,1.6626000000000001
1.4454364759891019,0.8507818040304489,5.4200999999999997
0.51474175758231722,1.356088473582824,1.8216000000000001
0.96623622431244593,0.63802374576013743,3.5874999999999999
3.5917922997702627,1.2796103181840128,13.295400000000001
-0.093274733333185589,1.1285841436143786,-0.39140000000000003
0.55242327144617409,1.0650470676804416,2.1223999999999998
2.3207179518590904,0.99862016751212956,8.5375999999999994
0.75044621700311098,1.2099238158950227,2.7244999999999999
1.0165384476577459,1.2272155122169455,3.7311999999999999
1.444896337582753,0.60928451395028349,5.3522999999999996
0.75495835253848453,1.1048112986334366,2.7856999999999998
-0.3217114846271929,0.84111561732200835,-1.0956999999999999
-0.74033103013651069,0.98590048948597864,-2.6901999999999999
1.1644247843891335,0.84063249827465647,4.2404000000000002
3.0606896542055426,0.85482456255598205,11.301399999999999
1.1224229521590687,0.69014661108315045,4.0704000000000002
0.71003692506310767,1.1809489904262325,2.6042999999999998
0.22365168423442605,0.79224860203621728,0.87949999999999995
2.5262869631874216,0.84083034971071546,9.3788
-0.038252895908909901,1.1288733061071223,-0.043099999999999999
-1.0754122763683536,1.0791320107901625,-3.923
-2.0156684292154678,0.71618271719235693,-7.3981000000000003
1.39991674472834,1.0568904032305562,5.1220999999999997
0.58715567405237556,1.1548833447952229,2.117
3.4914031946905362,1.3737488196194587,12.9581
-1.1501530043458441,0.53839365659614979,-4.2283999999999997
-2.2954617005480267,1.2501151217178208,-8.5548999999999999
1.6325255048539988,1.0294422600825126,6.0438999999999998
2.8186431321586243,0.89363900303826338,10.4682
0.57239577796236008,0.99077086399684111,2.0297000000000001
-0.59181890541098481,1.2599568171440345,-2.1101000000000001
-0.52385149035153034,0.50990675347673897,-1.897
-2.9764933160903153,1.2871978487800528,-11.0489
2.8251901279156284,0.98382789178102237,10.4381
-1.0254886274643638,0.77515747443981153,-3.7336
2.8828398076818846,0.96318095558296368,10.553900000000001
0.63177209984410676,1.2383200523027553,2.3109999999999999
3.9889777332788414,1.1080013955942529,14.7727
2.3585820407262781,0.84779087940190767,8.8041
-1.7148364509901612,0.93807399355728893,-6.4237000000000002
-0.97092476048905474,1.1693259320284954,-3.6785999999999999
-0.79175439704557471,0.61831635540145169,-2.8525
-0.51798049731821183,0.99662107729643523,-1.8857999999999999
4.9545549527848012,0.87717626721855613,18.255700000000001
0.16635314013738067,0.63680001661319563,0.56510000000000005
1.7018808755031014,1.0610423808303173,6.2202000000000002
0.97406686843061785,1.0516358767061296,3.6775000000000002
0.5365423596952954,0.8863197504344339,1.9075
2.0553196407802465,0.77844246240850823,7.5671999999999997
-1.6425753210265395,0.66798289170225167,-6.1303999999999998
-2.2474902799078942,1.0155836672765526,-8.3087999999999997
2.2544558126127687,0.81117362802186121,8.3619000000000003
-0.56933602305156872,1.0643320657917559,-2.1774
2.9072836988331652,1.0513269884533305,10.7623
4.7821408220524209,0.9139520754673498,17.657399999999999
2.7727332167224374,1.1164196429801878,10.2918
1.3588567114896508,0.79572813245253116,4.9244000000000003
-0.88077028078014252,1.2547096000813587,-3.2967
3.0444217535971081,1.2484851842333002,11.332599999999999
2.9258696015065371,0.82878551766660513,10.7737
1.1922609184186048,1.1296887064124668,4.3724999999999996
2.1436420485884504,0.86295295844063147,7.8356000000000003
-3.3806215062664426,0.99513262454958529,-12.556100000000001
1.0016026488114582,1.4987579229112467,3.7141000000000002
2.1988096022080441,1.0883534383796678,8.1872000000000007
-0.04015105140444275,1.2917572794575654,-0.192
3.1416343857517579,0.61070758840312378,11.504300000000001
-1.0546361392284567,0.76830472855618526,-3.8822000000000001
0.67947474671841124,0.88507479895132612,2.5137
-0.5132652608528836,0.86890858686299666,-1.9059999999999999
0.61964600894186006,1.0749409002163868,2.2970000000000002
5.8579676391655378,1.0832376101333279,21.7316
0.12714215033905185,0.92725903734486181,0.44929999999999998
1.2542046699204807,0.8780202279889312,4.5700000000000003
1.7365394029174626,0.98743460727175814,6.3499999999999996
-0.18665849605149898,0.99899510907389866,-0.67410000000000003
0.29675117211451552,1.5881971891072197,1.1576
1.6647209944280876,0.8257286434872011,6.1599000000000004
0.062616823734020333,0.80563178038917538,0.1424
2.2312862320807576,1.1438459244709802,8.2865000000000002
-1.5925719105421701,1.4848623774788634,-5.8068
0.027157128972957523,0.46324661672424383,0.16819999999999999
1.1504818680955722,0.79825731385716614,4.3331
1.8138015480791754,1.1196100380426555,6.7881999999999998
1.2982486087864964,0.99541620162826328,4.7454000000000001
0.11028525227722041,1.1374089334740898,0.47949999999999998
-0.12096680886798894,1.0750897828925812,-0.39350000000000002
4.8214260900789281,1.0366978510116236,17.9072
3.4485490056405088,1.1338418342625396,12.703900000000001
1.4027050223088793,0.70854062777382598,5.1896000000000004
1.7371969929192479,0.91121115153675725,6.4549000000000003
2.747185812224564,0.75111461902461452,10.0899
0.71209760213616891,0.99519179081482312,2.5819000000000001
3.2766370824602919,1.291944940449083,12.1854
2.7096691414006582,1.0640487523562747,10.0403
0.74269460423562839,0.46650605902167241,2.8401000000000001
-0.7151066714062233,0.84838690223188529,-2.5535000000000001
1.4339938462091368,1.196783689719237,5.2628000000000004
-1.692244538345526,0.73696328241945497,-6.2534999999999998
1.8157517746811607,0.95431400783069953,6.6497000000000002
2.6888807047088203,0.81617332711386981,9.8655000000000008
3.8908611192329636,0.65073877359417676,14.463900000000001
1.2136361498426977,0.79752859504320373,4.4995000000000003
2.0487903246986869,0.79617778696656716,7.6527000000000003
0.6972886777332683,0.86950086453951747,2.5706000000000002
5.1691468051081406,0.92092629638419021,19.137699999999999
6.1141669574344144,1.1862091750913699,22.5761
3.1619878115149693,1.1264974670353038,11.748799999999999
-0.32056627047058717,1.0680335381205099,-1.1655
3.0515767573388923,0.99037666379484401,11.197800000000001
-2.0358869518770453,1.0493667258490578,-7.5491999999999999
1.8763230133049551,0.8504410225828728,6.8365999999999998
2.0774001508161426,0.77200425713906407,7.6386000000000003
-1.4957439106351811,0.88840513208935667,-5.4280999999999997
1.5557265902620561,1.0494920819007048,5.8426
0.81625872368355701,0.99495916190265676,2.9394
-1.2197198681701056,1.3746360036302645,-4.4173999999999998
1.4753873614736568,1.0685152745988331,5.4054000000000002
4.5852538539677772,1.2374379540501954,16.853000000000002
0.47476341309882386,1.0769908256383172,1.7412000000000001
1.432942513158922,0.93859092815600087,5.2541000000000002
-1.1737351610023552,1.3553435611216937,-4.4063999999999997
3.2049132251772772,1.0071853153712031,11.786199999999999
-3.0856148685714029,0.98111266694463906,-11.472799999999999
3.003739234334089,0.92863860937343123,11.1074
0.98398044678147967,1.2896185213393723,3.6467999999999998
2.2013106145365606,1.0170068678398629,8.2280999999999995
1.7791803608226584,0.97476204713161174,6.5843999999999996
3.7409127758002572,0.7739117311994298,13.725099999999999
2.1665755657088859,1.0526424359803306,7.9977
3.7192997248389794,1.2785042748372755,13.821999999999999
1.5716014174588158,0.95173931568867665,5.7229000000000001
2.4806067271501115,1.2509276161557061,9.2368000000000006
2.0586899726472927,0.61628184838862832,7.6387999999999998
1.3103194041642925,1.1984665109356425,4.8878000000000004
-2.1305764076413363,0.71125154945350078,-7.8910999999999998
1.8936814849426895,0.76966288225637802,6.9093999999999998
1.6607419931118019,0.76126966372161098,6.0499000000000001
-1.1722409297033098,0.87808534379600922,-4.3131000000000004
-3.7748250297924226,1.1845731190933522,-13.996499999999999
2.6640172020761392,0.99001297612637695,9.9255999999999993
3.0089590413357814,1.228251146845569,11.1608
-0.8724493862153031,0.76229273639096551,-3.2919
-0.44275389498696782,1.3853854884228742,-1.7330000000000001
2.2252647935349983,0.94731664442235408,8.1969999999999992
3.4786216179663905,1.2822472495105428,12.8101
1.7973475241073995,1.2849163493120666,6.6845999999999997
0.3758436333133619,1.3770377842037358,1.3483000000000001
5.6590366989430212,1.3610202606372805,20.913900000000002
3.4359182073114138,1.1567643141719854,12.7197
1.8445228061934609,1.2641428759536619,6.7294
-2.1528960361016396,0.99714870563937541,-7.9908000000000001
-1.0381608152475152,1.1601255261511991,-3.8851
2.3876062213075464,1.0116645065942471,8.7675999999999998
0.99270958220734695,0.75032402050477465,3.6086
-1.0224350100414168,0.7764345226792303,-3.7480000000000002
1.0513439283746095,1.0800181973121274,3.9466000000000001
4.4692374550310658,0.93150696980531811,16.519400000000001
2.897253978771952,0.91020680801090859,10.799200000000001
1.5994862868811794,0.59409436310432784,5.9157000000000002
4.1787228239990082,1.3581887066958935,15.456899999999999
0.85505412709708728,1.2350106796907905,3.1160000000000001
1.7392878403942027,1.3366833499697763,6.3323
1.1131208595955413,0.87754423049805663,4.1715999999999998
-0.15488307866616968,0.93862495011889346,-0.61560000000000004
0.20804374815831361,1.0952477582684887,0.78680000000000005
0.270868003083098,0.93533682104774363,0.95040000000000002
0.10638820840169405,0.90080614946616533,0.29870000000000002
-1.2681404026331102,1.2545405683019557,-4.6231999999999998
0.97677289355423014,0.89997038771557247,3.5417000000000001
0.92236899551360607,0.59982903987530389,3.4805000000000001
0.36106392514658725,1.1669416236514867,1.4165000000000001
3.7870738940845166,1.1508288521435461,13.9817
3.5531946826647154,0.92394682058516109,13.19
4.0297190657057511,0.82046352655918242,14.9397
1.0992236012211802,1.0115727922205191,4.0568
-1.6419787968828192,0.87482926492812108,-6.0110000000000001
2.6578177229362319,1.2475894832447436,9.9006000000000007
1.7326072821192591,0.7525222454628866,6.4535999999999998
-4.0470558218885655,1.1526941699366664,-15.022500000000001
2.6922348945820764,0.73358572215040163,10.0063
4.2081740228397653,1.11816470540157,15.5341
1.50695997814864,1.5488938087197401,5.4991000000000003
0.26885791941042592,1.208918350201551,1.0310999999999999
2.9847616641308754,1.0963889691809421,11.0657
0.28822893688121687,1.0466036435499948,1.0753999999999999
-1.2392559683110944,0.82557191569212485,-4.5236000000000001
-0.62805313867855239,1.0455804524745584,-2.2877000000000001
1.0765317469630078,0.89901418282949819,4.0434999999999999
-0.1416656041422335,1.0083474113917126,-0.55889999999999995
2.8646573285367447,1.0231221188565092,10.6153
1.6896881260573964,1.2271951088838258,6.1501000000000001
-0.81148318887846038,0.84403624826964418,-2.9601999999999999
2.6829263671471555,1.0321701410793889,9.9977
-1.2194860342106946,1.1876551576705701,-4.4185999999999996
-0.40227970893599196,1.0418230846611551,-1.4742
1.2680667473570058,0.59386038038084221,4.7675000000000001
1.6426588787721581,1.2390166431916154,6.1092000000000004
2.7968471709909646,0.55603713860538395,10.3935
0.45984451070089249,1.2672153519450871,1.6226
-0.4672541199607636,0.8592006499395104,-1.6626000000000001
2.8059727878104161,1.0150739039975629,10.3917
1.9966893921819495,0.93301436289798656,7.4153000000000002
3.6633428307026579,1.3201471743999722,13.4405
0.64932966509160983,0.80738236332615354,2.3952
0.92041143498468869,0.9091858714021438,3.4102000000000001
3.8876367474182856,1.1284004637580947,14.4168
3.5112151044612121,0.80523080027070781,13.052199999999999
1.1019943087138071,0.97474864440627584,4.1405000000000003
3.3896427796540816,0.80661113203357959,12.4719
0.99486774930046196,1.0871794594500512,3.6612
-0.82427997561648092,0.88363498221893599,-2.9548000000000001
5.0145039626401395,0.83515956152319148,18.597100000000001
0.98696189685648106,0.83380888645641338,3.6425999999999998
-1.3422524392241648,0.96728011378788381,-4.9330999999999996
2.0788921215881127,0.84110834506312926,7.7245999999999997
-0.52640519035471534,0.96576903620230836,-1.9695
2.0164306020915017,1.2328350668611898,7.4020999999999999
0.25509734312580445,0.73902640814503839,0.93659999999999999
2.9261409670616891,1.1659127886551233,10.749700000000001
-0.57499012041416631,0.79065774807319888,-2.1297000000000001
-0.4159695995963022,1.0140917034511143,-1.6349
0.96516017442414592,1.4350180605650533,3.5670999999999999
0.43628403688487627,1.0588466874442484,1.6458999999999999
3.2456729239501492,1.2459753389595651,11.9687
2.6829660544280869,1.1225705614040182,9.952
0.40176729055505722,1.1974736147399101,1.5091000000000001
1.9734797811475082,0.91714495366583926,7.2960000000000003
2.3481951627463364,1.105509362403182,8.5769000000000002
-0.1775059427624579,1.0498112867649769,-0.60640000000000005
-0.74463998179866753,0.95238249470545322,-2.7342
3.9156155838760287,0.76708434488738253,14.5281
1.1665918553712524,0.92967366827791076,4.3189000000000002
-0.9880299566065267,0.79269627387608377,-3.5579000000000001
0.0181907807144015,1.201894158832528,0.0149
-1.1553035203722439,0.80957520345659173,-4.2278000000000002
-3.8933099733734293,1.012988021851065,-14.474399999999999
1.0126114967154467,1.104788506589079,3.6766999999999999
-0.56923892030792378,0.9911900661027635,-2.1652
-0.62887606525385942,0.73928313381896027,-2.2917000000000001
3.2343824776052821,1.2758232362591739,11.8842
-2.3878356775960303,0.96624957443450987,-8.8818000000000001
4.1351578922764922,0.94684390429876442,15.281700000000001
0.41453319851072545,0.7758108720708351,1.6008
3.1989199889849913,1.0390342535893775,11.893800000000001
-2.0602229776979812,0.77488244105699933,-7.5509000000000004
3.5505910114105923,1.0957586483575161,13.0396
-0.82658690490805098,1.2314394887473166,-3.1173999999999999
2.7541709845763718,1.0412781209826019,10.0962
1.0965784779070891,1.0402169620906716,4.0039999999999996
-1.1362401556795341,0.88326858520843521,-4.1517999999999997
2.1874151209445536,1.2476203001938704,8.0594000000000001
-2.5701592636022959,1.059325595766033,-9.3973999999999993
-0.65602508921235692,1.013324528825561,-2.5095000000000001
-1.6503574334772511,0.87055509689660537,-6.1719999999999997
-2.9979162800281522,1.1835704640227251,-11.0296
2.252518995755088,1.0229151615332719,8.3202999999999996
0.352686044996118,0.83828333082458506,1.3622000000000001
2.8245605806028493,1.1772494178633293,10.375299999999999
1.8642361187976146,0.77344791747501429,6.8681000000000001
3.2938932769446354,1.1833291698834381,12.1225
3.6316262861552868,0.92417126850141817,13.4953
-1.4374599273756461,1.0118840045114896,-5.2290000000000001
1.1524592302138579,0.71424071775772768,4.2548000000000004
-0.2531698262059574,1.2288342953608506,-0.92369999999999997
1.4432908862867062,1.039192542790315,5.3623000000000003
2.4627621827974906,0.92473030668909273,9.0784000000000002
3.0222734336912489,0.73772738296581131,11.1142
0.94104351771055939,1.3568859733937357,3.5124
0.33651690252184052,0.86352538859594219,1.3380000000000001
0.69673593284143953,1.0380088890039596,2.5783
1.716888677165415,0.92029041812587842,6.3356000000000003
-0.40580989250436961,1.0044066721334219,-1.5717000000000001
0.34824767866828976,1.0764134579721627,1.3591
-1.8621375289370561,1.0769060806940702,-6.8689999999999998
2.2995562267656178,1.2244201881773822,8.4934999999999992
2.1943384659537655,0.86559727864846492,8.1760000000000002
2.1522752609006148,1.1904216964669283,8.0307999999999993
0.096698418508672557,0.66694941911563399,0.27339999999999998
0.41727280966447056,1.1327157357310416,1.4875
3.3819181109813088,0.75023666777860476,12.510199999999999
5.6993493677847367,0.67307088537958903,21.122299999999999
-2.2862418574532288,1.2194187432300678,-8.4036000000000008
0.17524957594902779,0.85229134452186806,0.60640000000000005
3.0733866616935264,1.2727745010690665,11.4246
-0.00027847650343737484,0.83127821246703359,0.040000000000000001
-0.57099853718351445,1.0262519679475464,-2.1974
-0.95532976493798705,1.3471305512780702,-3.5554000000000001
-0.66279954020623011,0.68767608259963997,-2.4094000000000002
2.97086483725574,1.0474218223177416,10.9148
1.4361173275733654,0.78299781621756837,5.3769999999999998
-0.64476950124411303,1.0880195740400465,-2.4752000000000001
0.84897953454605191,1.0188128394224856,3.0842999999999998
-2.3310411408842167,1.2013947761792294,-8.5376999999999992
1.6961608574259577,1.2689278995506843,6.2405999999999997
0.87949644056548804,0.84296347628521984,3.3449
1.1492257965777632,1.3055862660752207,4.1543999999999999
3.0922096745417593,1.0667232694090811,11.445600000000001
0.95338383979006713,1.1383431891229923,3.5209000000000001
1.6710922009306373,0.89408548356686357,6.0895999999999999
1.2463352770287666,0.9062549884952954,4.5895000000000001
-0.44332420339893641,0.95773097050738887,-1.6527000000000001
4.2901803216104728,0.73859529943940072,15.874700000000001
4.2055423340699978,0.7396173288494341,15.5863
2.1686632135756829,1.0206510304246539,7.9151999999999996
3.1127184320124526,1.0010093035937913,11.464
-1.6100852125808687,0.79313950499056696,-6.0218999999999996
-1.46188649863717,1.2059199940797094,-5.3353999999999999
-1.1975217473410837,1.4055202433154117,-4.3483000000000001
1.9235665570242442,1.0839141382177098,7.1058000000000003
2.0263430643602147,1.1722614963400895,7.508
2.4220855851503025,0.98885253343969559,8.8483999999999998
3.5911350825372166,0.99054688410682501,13.347300000000001
2.3169648483489866,1.0589937938336151,8.5986999999999991
2.1688448636884714,1.0629000505419539,8.0770999999999997
1.0130753463527877,0.81448130119015583,3.8288000000000002
-0.27007009215572975,1.1828334313016209,-0.98750000000000004
1.4268785489896052,1.035619567197791,5.3632999999999997
-0.1385595062834053,0.69834433877402824,-0.50549999999999995
0.52777373188829391,0.83201989421272882,1.8653
2.0779129853085583,1.0725013642812875,7.7108999999999996
5.2870964378619911,0.92695403840202018,19.5929
0.56724635704912041,0.99522481633698401,2.1604999999999999
-2.2025523700762064,1.0345125178281878,-8.0881000000000007
3.1624843016880115,1.3529142587943355,11.7621
0.32096865192069945,0.68855322213425585,1.2746999999999999
0.94144738956467866,0.76548092775866527,3.5764999999999998
2.7018347593489542,1.334410445035888,10.045999999999999
2.8482966228481557,1.5395892712566606,10.4998
-0.3468207078360801,1.5481722714386514,-1.2813000000000001
0.61923882335306146,0.56667095808458368,2.3868
2.4493948358824795,0.88467562653814735,9.0962999999999994
-1.0059416346528067,0.89628220813894988,-3.7281
1.9949129746605028,0.9935595615935654,7.3060999999999998
-0.72850578570513935,1.0823936551325362,-2.6027999999999998
-1.6158693622294509,0.50287333969098125,-5.9865000000000004
-1.7257860530586266,0.56993708222782913,-6.2845000000000004
-1.2968184114875347,1.046801216590252,-4.7259000000000002
4.417263429790248,0.99073850106725425,16.384
0.95856256525006223,1.0123352943313086,3.4954999999999998
1.476062096179974,1.0709481207279909,5.4943
0.43170992216063619,1.179966857589043,1.6214
0.12759574578159738,0.9319030448506942,0.50480000000000003
3.568000584612208,1.1918101149488056,13.101800000000001
1.3438735506881359,0.81443968300238689,5.0045000000000002
-1.7151221856868615,0.96477238008438637,-6.3849
1.2548026996851835,0.86628742221233079,4.6657999999999999
4.571266688800856,1.0237579127360883,16.873000000000001
-1.8522740738246353,1.2841701573133251,-6.8479000000000001
-0.12295464770609965,0.97338549985528711,-0.55030000000000001
0.6916089601284281,1.0107115489288936,2.5339999999999998
1.1525597659198978,1.2363982558632016,4.3464
3.524984640634401,1.1791388669053853,12.9825
3.9876339090371911,0.75836112244143228,14.807399999999999
3.8261031041695537,1.0868962226366103,14.193099999999999
0.098460722795889355,0.83165465080690226,0.436
1.1704627611492089,0.8685217088903624,4.3924000000000003
1.4866987208640263,0.93169426392517618,5.3994999999999997
3.0431704252707594,0.84031171572706453,11.1441
4.4159783825660703,1.0117346518196157,16.266500000000001
2.7700086981792644,0.6365758694350987,10.151
1.355840121990858,0.9779834973749888,4.9684999999999997
-0.14156527979826428,0.87445999978375843,-0.57789999999999997
4.2973380231966196,1.238312576111029,15.916700000000001
0.59598801714347205,1.1990867637436202,2.2606999999999999
-0.12768026743305283,0.79010694329974684,-0.38679999999999998
0.28041360531650961,1.2422215449665064,1.0165
3.8913606971045431,1.4252019077391016,14.3849
0.92978819280902492,1.20449182827094,3.5175999999999998
0.062181673102070456,1.2608093057465237,0.26219999999999999
-1.6243945212194202,0.98906191279665456,-6.0782999999999996
2.749178726107119,1.4281320447431209,10.1496
0.61812193487761036,1.2560512136127446,2.3496000000000001
0.7765328870031829,0.76648012800888821,2.9161999999999999
-1.6881164765907739,0.69421865053688347,-6.2458
2.9313899152722085,0.9377978959629818,10.755000000000001
2.8896067803130965,0.75677628158362586,10.657999999999999
-1.7533372411446604,1.235638220023513,-6.4250999999999996
-1.5560350796881681,0.90759345734536012,-5.6708999999999996
1.9865077035860819,1.1640660591775662,7.3891999999999998
-0.21456720423306286,1.1223392685901197,-0.85329999999999995
-2.206321237192578,1.3120404222400281,-8.1713000000000005
-2.4832469534399984,0.86410224893548193,-9.2296999999999993
2.9677415800292128,0.93528863547319874,11.0589
3.7003042408341753,1.0816218956801635,13.755599999999999
-0.21946968681451051,0.74342523713592168,-0.75019999999999998
0.15905203606208584,0.83820826283808791,0.56579999999999997
0.20658399279030426,1.162265115428778,0.80369999999999997
-0.45608807454453526,0.97563908417676737,-1.7650999999999999
3.5850097158083307,1.1220148496980584,13.1867
0.36085757386231854,1.2583511258912876,1.4237
1.5197298285769161,0.86311786346758634,5.6031000000000004
0.16645665133623899,1.1463949788377368,0.53680000000000005
1.5459871171961703,1.1767484254276297,5.7575000000000003
0.36847215140765488,1.1125028655620572,1.4428000000000001
3.0276124236239355,1.1821463969377706,11.088900000000001
-2.2141152865688523,0.60986700225789225,-8.2192000000000007
-2.1107695140778904,0.90285928766606416,-7.7735000000000003
-2.003583306837788,1.2335673472838162,-7.3929999999999998
2.363973637054773,0.75827934618829307,8.7253000000000007
-0.75934670683813499,0.84492118338146394,-2.8546999999999998
-0.55608572052253824,1.1292856700509997,-1.9965999999999999
1.7733034227724154,0.97662801717584435,6.6207000000000003
-1.5942204854360664,0.93834977690391541,-5.9584000000000001
-0.22574348369596886,1.189031081861061,-0.86780000000000002
1.6902998132692804,0.78085330273904008,6.1608000000000001
0.84722358500271311,0.96306004661084232,3.1520999999999999
-0.12084185274601222,1.1174763544616673,-0.40310000000000001
-0.077496304981255149,1.1685130863865953,-0.35360000000000003
-0.6238708849261787,1.2933756175768703,-2.2395
-0.17597003308681969,1.0576216383380395,-0.73180000000000001
-0.1814574080727589,0.94974701590413535,-0.74060000000000004
0.92592614951758001,0.88239293780310857,3.3456000000000001
0.067989695765490188,0.98599293559604051,0.17960000000000001
-0.9885579112091496,0.94808090799690636,-3.7450000000000001
-0.34599740246783717,1.1053889271792192,-1.2713000000000001
-1.2575690664031729,0.9881552992026017,-4.5816999999999997
-0.87506593948861222,0.93700460121980045,-3.2968000000000002
-0.17947654957784409,0.95251237418421097,-0.56530000000000002
1.5345931124195744,1.047762430628052,5.6718999999999999
4.0143311934608459,1.1575674892603591,14.777799999999999
2.5364052686302569,1.2431253018380053,9.2742000000000004
3.139954270732916,1.1341863803044752,11.6579
4.6874602673521775,1.1274927981579794,17.333600000000001
5.8865024303119444,0.93341629930612402,21.685199999999998
2.7859105406700699,0.93395604380800268,10.273
-2.1028986724274339,0.89166493471238173,-7.7279
1.2038656552864555,1.003786880345541,4.3916000000000004
1.7316742054252861,0.81093641355373269,6.3779000000000003
1.0932147349950734,1.2842106508297304,4.0884999999999998
2.2594772387838784,0.87492183496676845,8.3577999999999992
0.2244228866322926,0.87380557720071039,0.77839999999999998
-0.10922011113294894,1.0618164538069506,-0.41049999999999998
-1.1323332650029942,0.91286190139384027,-4.2450999999999999
4.8381327743251941,0.62168720609152395,17.820399999999999
2.8726124947718006,0.77797339273335597,10.669499999999999
2.5334057618298318,0.97628251641172326,9.4186999999999994
2.0548535489630884,0.89934341532159923,7.5666000000000002
2.0378733570771685,0.68850477325552673,7.4973000000000001
0.32379128150273062,1.3374851407534258,1.2922
2.5096267684132361,0.97218776884066116,9.2627000000000006
-2.286816657118897,0.83830726642037967,-8.4358000000000004
2.2193017628124196,1.2667427563701952,8.1135999999999999
1.7916715898699125,0.96826645718589432,6.5594999999999999
2.4750614780862539,0.91881171330850042,9.202
1.1817477720170422,0.94788551456104275,4.3421000000000003
0.54658944859219283,1.2223373499204486,2.0712000000000002
-0.23509890720385629,0.95717205608543043,-0.90680000000000005
3.6283162073508546,0.95084020214451237,13.364800000000001
1.1694237039963133,0.66186231239450333,4.3917000000000002
2.6928770492151499,1.0676645960612465,9.8665000000000003
-2.6828113998415817,1.087970024002195,-9.9177
0.97996748409976264,1.1375070915479943,3.5287999999999999
0.24154391779753248,0.66142217257479596,0.89390000000000003
-0.49555589374198483,1.4462314476673623,-1.7716000000000001
1.9348159935264251,1.1916369192237917,7.1565000000000003
-1.2133697104951717,0.53728187432868468,-4.4088000000000003
-0.038603147858693232,1.088507127182377,-0.044499999999999998
1.9037375080221346,1.0950227009167204,6.9607999999999999
5.2187783444427911,0.79115873231296385,19.2408
3.6099257351515193,1.0510882340894121,13.351599999999999
1.2977472985190621,0.74808370637925092,4.7670000000000003
2.2648401839022507,0.59255892382820008,8.3004999999999995
3.880089240113882,1.5259219340750367,14.292199999999999
-2.4095969471015608,0.83513494586714421,-8.9329999999999998
1.8731796457284278,1.1417268011845114,6.9759000000000002
2.9975621456199515,1.0603245192781086,11.153700000000001
2.5217706849474153,1.1591879631494959,9.2632999999999992
3.2033867386508148,1.109271011763028,11.7639
0.42926672399057308,0.90797905819464275,1.5589999999999999
-0.12422370601927191,1.1754620890469358,-0.41930000000000001
2.7544510704351293,1.149794182838076,10.1974
0.84068529162780592,1.3555872459508664,3.2008999999999999
-0.48785325566629179,1.1961235678368718,-1.7648999999999999
2.8694471818358114,0.98941004737367555,10.6829
-0.65673783913456996,1.0211109801758036,-2.3862000000000001
4.6829924965930187,0.93048461904665392,17.391200000000001
0.32119251594990406,0.97745235121151519,1.1226
2.8143244152058902,0.86263347176748995,10.4641
1.7798236079588712,0.93254430291879609,6.5993000000000004
1.6156536378406954,0.94423987604413673,6.0294999999999996
-0.55415483635020979,0.69754123679017965,-1.9964999999999999
-0.063111031604153434,0.74612123768128003,-0.13500000000000001
1.2791714368534632,1.081924522140425,4.7007000000000003
3.1435972941757639,1.3903985211292431,11.5359
-2.9267510405978183,1.323024530918707,-10.8306
0.90344425110799187,0.996199639265402,3.3673999999999999
1.4186207666631439,0.89322049847313312,5.1520999999999999
1.8195453546155704,1.1259957088484787,6.6231
-0.97333359750816628,1.2557069838559158,-3.5030000000000001
0.44346283705669276,0.84789317622490867,1.5512999999999999
2.8174536541855066,1.0451795225114768,10.3514
2.9091592272732036,1.0117820448046209,10.6556
1.1784809415260582,1.1274163075067356,4.3196000000000003
-0.6164941348942905,1.5429266615465977,-2.2343999999999999
-1.4587457059952946,0.59276211618935182,-5.4875999999999996
2.5790884667895053,0.97290874554248807,9.4309999999999992
0.72238089451278287,1.1349080655705461,2.7063000000000001
2.5478671903585406,1.3028339300042473,9.4356000000000009
3.5390592114301418,1.165741761816157,13.040800000000001
1.491398553485433,1.0227864695247664,5.4265999999999996
1.3739319818335158,0.95320265089403089,5.0529000000000002
1.4255388085265153,0.74550720029878303,5.1859000000000002
-0.099521618137261569,1.0408648290649385,-0.31069999999999998
1.0587614950917101,1.0822857661805425,3.9771000000000001
-2.3712701368232381,1.1257886678079583,-8.7460000000000004
0.97200521044495658,0.83251507180554962,3.5781000000000001
0.96378627486728563,1.2390271757127145,3.6577000000000002
0.92774268787561465,1.1078031814616249,3.4283000000000001
-1.1099572565096447,0.84895541417285969,-4.1059999999999999
-0.91607242254876864,0.75395738060742845,-3.4026999999999998
1.9322100119163543,0.91773813381294467,7.2271000000000001
0.36253016727749288,0.9257603117178429,1.2404999999999999
2.984072557984029,0.5402218647171535,11.119899999999999
1.3875054423741118,0.49926786756655617,5.2107000000000001
1.0459848741160453,0.85568328933839177,3.7942
4.7600049473709198,0.98209564587854437,17.630600000000001
0.9048867879041832,1.3643302937724011,3.3831000000000002
-0.80323702940716513,1.176234308548781,-3.0573999999999999
2.8483834147310825,1.0020125879049837,10.498900000000001
4.622234876077945,1.1407138460703032,17.145499999999998
6.16915341747639,1.0864756422294528,22.762699999999999
-0.83654491586478175,0.78774322641313943,-3.0722999999999998
0.97850757216338857,1.1502888924156154,3.6587000000000001
-1.1890178474443123,1.0698195363154739,-4.3281999999999998
