-2.33054758239,-0.642683284711,1.40070917199,-0.652530249915,0.0435170720821
-1.49318385697,-0.724989891127,1.10812791296,-0.362250127516,0.0337837837838
-1.18341057512,-0.789318262694,0.39250011177,0.182314245952,0.0118788142982
-0.873789428259,-0.833842484936,-0.425317231239,-0.430674241719,0.0586399108138
0.580654762542,-0.796621920601,0.311164907214,0.813149716072,-0.0166084840791
0.919581033161,-0.741844486297,0.297194928079,0.378746194327,0.0419161676647
0.694787598183,-0.699005723572,0.43667626359,0.202109360391,0.0519661416479
0.188885257389,-0.683696132959,0.33875734116,0.0174810413661,0.0338179859989
1.26884787505,-0.609816824128,0.166703321032,0.640038242248,0.0152695871946
-0.469038093813,-0.63186825281,-0.596740868217,-0.332795782129,0.0481927710843
0.882607628897,-0.576809908586,-0.0456082498595,0.805094037667,-0.00431034482759
1.11471502199,-0.508689253105,-0.144574587854,0.586708409063,0.00183336728458
0.695577509382,-0.464586395742,-0.0225227189588,0.0203102946251,0.0435462027295
0.267196251912,-0.444220426578,-0.0266534444216,0.0534270550825,0.0281091173115
1.02756781085,-0.381296604608,-0.0792947795944,0.197476251861,-0.0101600985222
-0.185008598184,-0.387195712918,0.0693800703312,0.00698160732889,-0.0156668728097
-0.0431175838761,-0.384667523642,0.613254294077,0.713478803377,-0.0408702724685
0.920253814864,-0.325957350465,0.37975517586,0.782313000764,-0.0496156533892
0.563729344327,-0.287894056372,-0.45595552836,0.27427480077,-0.0221953188055
-0.320110547954,-0.301799097387,0.127051308567,-0.584714153319,0.0182477967859
-0.447291277612,-0.32314825127,1.01572475001,-0.630897556012,0.0465968586387
-1.02937192793,-0.379611145091,1.01235705426,-0.56542345681,0.0370998516006
-1.23134932314,-0.449417260089,0.143601320579,-0.250861554459,0.0280462184874
-0.598067845147,-0.480317351235,-0.361591127509,0.604883426319,-0.00123813454395
0.335978963735,-0.455597278318,-0.313793211556,0.710856075865,0.0123205376235
0.990709697785,-0.393094821228,-0.21500841449,0.66898916003,-0.0138069034517
0.771373254779,-0.343935585314,-0.479765712988,0.0619124192471,0.0182951757972
0.562276675682,-0.306434111059,-0.306407662431,-0.129699732043,0.0368856646572
-0.114054910031,-0.308119570576,0.869878074277,-0.582798422185,0.0892561983471
0.199087000167,-0.291124520446,1.14354547391,0.406545261782,0.0798632065983
-0.404334684925,-0.310507304892,0.411086812564,0.24194041311,0.0778127219235
0.337073197294,-0.285365867096,-0.164995704986,0.504055484209,0.0534979423868
0.766426538185,-0.234661626625,-0.181380381377,0.675693636539,0.0376428852976
1.975940918,-0.113308541397,0.266309962111,0.824956686343,0.0116654021244
1.75900674168,-0.00178730335241,0.608546762191,0.644335516147,-0.00922131147541
1.71165013626,0.105941650779,0.469360926432,0.333839905089,-0.023625753012
1.15009245449,0.180804144328,-0.0717767511792,-0.0306827216701,0.000762195121951
0.783914793292,0.234457938954,-0.687951991158,-0.291350702251,-0.00189933523267
0.183956434351,0.251733899004,-0.774278396822,0.286641026491,0.00674978906909
-0.298428958086,0.237828857988,-0.61283600612,0.313432547299,0.0145717777569
-0.631104184865,0.20257466309,-0.701166811386,-0.711671187159,0.0300780873421
-0.0678566507268,0.203698302768,-0.767808944122,-0.163184099321,0.0113290175171
-0.12932555336,0.200889203573,-0.949232359644,-0.119587326414,0.01351094196
0.0704287641683,0.211001960675,-1.03382338668,0.666134150523,0.0164819815625
0.251080117708,0.232772479437,-0.803963462039,0.592568889471,-0.00111193476649
0.609203342733,0.27659442688,-0.983170948954,0.147252660973,0.020870379036
0.176187523267,0.293308567091,-0.727527653798,-0.214330113968,0.03322978443
0.226579772561,0.313253171376,-0.728588031568,-0.340343150307,0.0209350356741
0.295196891178,0.338113699253,-0.347204650878,0.757811296772,-0.0126419934042
-0.111140285435,0.336428239736,-0.195569425178,0.205036949224,-0.0121521335807
0.396548347323,0.367749695761,0.149103537816,0.480093491527,-0.0317198386505
0.681992804287,0.417330296554,-0.153062318006,0.498331812153,-0.0329810495627
0.398041613248,0.448651752579,-0.820229640152,-0.11116473358,-0.0125057471264
-0.377430711365,0.429268968133,-0.863917986503,-0.50104396164,-0.0179996288736
-0.366117240624,0.410869368405,-0.54918189086,-0.740286540371,0.00431965442765
-0.818039705309,0.36227195233,-0.420348995777,-0.617170463216,0.0103200151486
-0.847167778421,0.311427256899,-0.677027727612,-0.318465366601,0.0101752402487
-0.374284059602,0.292325382373,-0.769931791883,0.396822135676,-0.00186237079803
-0.501167031879,0.265077120181,-1.0523336074,-0.328771310354,0.0171012849584
0.0143040202211,0.271538048329,-0.904477068308,0.372890961758,0.0238429172511
0.152884287879,0.286847638942,-0.843836214058,0.0835963165752,0.00215537437916
0.149540664835,0.302016774596,-0.841713333037,0.327788026165,0.00839395635143
-0.128471847811,0.299207675401,-0.963343899055,0.360754127724,0.0076499673477
0.309499903006,0.324630023116,-0.727173008524,0.722916158833,0.031676730144
0.46520007688,0.360446037854,-0.53752537675,0.851268123288,0.0361643835616
-0.0356807260888,0.363676501928,0.131812730023,-0.366053640168,0.0723770338508
0.108401338261,0.376317448306,0.066391090289,0.118605683515,0.0602108768036
0.0912186720739,0.387834755006,-0.447201455365,-0.018171376369,0.0555504119989
0.646124514254,0.435729896282,-0.339636185271,0.733820047869,0.0259319286872
0.749768318467,0.491350060345,0.11734043876,0.734654455028,0.00907808919443
1.58611116568,0.600062199194,0.363801145177,0.595666740732,-0.0106382978723
1.30512984166,0.691498377994,0.382320429112,0.397653907985,-0.0213731134956
1.19749490268,0.775771353847,-0.356066384962,0.148480403311,-0.00666608192264
0.513446470292,0.816222382256,-0.688182628411,-0.198996454571,-0.0234333859926
0.124201607096,0.830689243111,-0.96546153034,0.19987766336,-0.00471656913268
-0.331154716301,0.813553738021,-0.831101645946,-0.690161487007,0.000881367882954
-0.579078748122,0.779142272881,-0.852957812012,-0.814212828756,0.0028525583883
-0.239415106784,0.76846769594,-0.833303714091,-0.12409770115,-0.000264900662252
-0.626661406459,0.730966221685,-0.568125202058,-0.670194415224,0.0327132200953
-0.194390479632,0.723381653858,-0.634600554629,0.521224431893,0.0147433084686
-0.0651043173446,0.724786203456,-0.695508896219,0.327071254167,0.0111835153223
-0.0195790363593,0.729280762168,-0.642864592919,-0.191874369632,0.0304888888889
-0.0915777593907,0.728859397289,-0.815792465772,0.151568577242,0.0348878290055
0.670062584239,0.779985002639,-0.861012188621,0.717705707843,0.0272387085545
0.255041674863,0.803581435878,-0.937286268947,0.651930223114,0.028366340915
0.172827103112,0.821419215767,-1.31090548703,0.2347831462,0.0303056692502
0.618690937054,0.869595266963,-0.905621418651,0.487956614361,0.00991977917709
0.720285878944,0.925074976065,-0.405313423861,0.777972170942,-0.0110949901852
0.543626973133,0.969037378468,0.114277767804,0.673129247263,-0.0305828532701
0.569670006477,1.01510660527,0.116619771829,0.593756807402,-0.029265831301
0.614459420358,1.06398493126,-0.419174877711,0.275530850936,-0.0283154424816
0.143640708927,1.08013725163,-0.499933280998,-0.52915872025,0.00657669969252
-0.341702172678,1.06187810687,0.302925923173,-0.744282949343,0.0348666609131
-0.791780660949,1.01117386639,0.704944426651,-0.68482096825,0.0492003845146
-0.761363613462,0.9622955404,0.42753377324,-0.263813291836,0.037858442346
-0.739414076911,0.915243128883,-0.510435913924,-0.294792893677,0.0254871259569
0.0664312091463,0.926058160784,-0.451536433617,0.816364094425,0.00407297411964
0.719796995018,0.982801964524,0.106992034591,0.73624950101,-0.0154282378451
1.05083896826,1.06187810687,-0.0955547014397,0.502879010024,-0.00949525237381
0.788893152903,1.12325692428,-0.113264717299,0.294070923978,-0.0346410684474
0.503173607661,1.16441022749,-0.634269970596,-0.536983837233,-0.011790652303
0.00860685888389,1.17115206555,-0.875623369627,-0.429898979128,-0.0148736584129
-0.441779926075,1.145167898,-0.737298934774,-0.37562849817,-0.0337116720312
-0.304755711558,1.12915603259,-0.764592940623,0.206087368168,-0.0359905819038
-0.885506450387,1.07086722429,-0.34925414291,-0.849428240175,0.00968439256377
-0.357768713836,1.05134398488,-0.165291058473,-0.363658451646,0.00678111587983
-0.428971735082,1.02662391197,-0.15326994888,-0.215912188845,-0.00660547310629
-0.864041740162,0.970722837986,-0.316162892994,-0.645055609149,0.00745091164095
-0.916673899261,0.910608115211,-1.07325803987,-0.382203843102,0.00942079553385
0.138204379114,0.926339070703,-0.546534243502,0.42188308014,-0.0270617453113
0.071152266974,0.937435012524,-0.419387136816,0.501001064243,-0.0256628868616
-0.238015326607,0.926619980623,-0.415256509171,0.0308171918857,-0.0131260794473
0.086621416275,0.938558652202,-0.472280094115,-0.418168759009,0.00339336987732
0.132116520624,0.953727787855,-0.627064247065,-0.205119187307,-0.0311095748358
-0.710459536092,0.909344020573,-0.663108478182,-0.691502375695,-0.0219170847637
-0.678152448671,0.867067077687,-0.465201038823,-0.313108096974,-0.0399019950998
-0.388610834785,0.845717923804,-0.447678641189,-0.178137144715,-0.0339516975849
-0.00708882045648,0.851195667235,-0.967766967301,0.394821817945,-0.0440513354145
-0.803945465526,0.800631881723,-0.702094094264,-0.764542812716,-0.0131109525508
-0.591641940142,0.765658596744,-0.0601957608121,-0.663200235958,0.0120590352772
-1.00700924955,0.701611135097,0.725490673077,-0.61075992493,0.0451148377689
-0.869585207801,0.647114610712,0.536903999236,-0.304731334176,0.00951086956522
-1.10283960345,0.575763491157,-0.0927196322972,-0.258318509346,0.0342888243832
-0.388261474228,0.555116612073,-0.565430016321,0.217003738261,0.0215996384998
0.193047519072,0.57393757668,-0.379900887434,0.845574448813,0.000355682020274
0.956481947426,0.643462781758,-0.502384758356,0.789038653446,-0.00549402633644
0.134196809453,0.658210552532,-0.148253525922,-0.125547417622,0.0459398833558
0.706451673844,0.71130252732,-0.210588146389,0.405165882888,0.0271005086827
0.41339083003,0.744871262701,0.314991235861,-0.0346685685557,0.0636058032555
-0.077245202025,0.74543308254,0.232435913751,-0.251579601607,0.0585777777778
-0.212346104702,0.736584420075,-0.608431665653,0.471328013514,0.055156085584
0.975536641565,0.808497359469,-0.421089817434,0.811225364535,0.0284807411856
0.540435202485,0.851897942033,-0.427832137277,0.590539929333,0.0274955170353
1.38353676389,0.952885058097,0.212380796912,0.694832378367,-0.0104799134991
1.26741289252,1.04544487657,0.3828974371,0.351277007216,-0.0187253337812
1.18838780685,1.13379104626,-0.00792646580084,0.47622384898,-0.0179506357517
0.572312117652,1.1804220929,-0.325164485009,0.210022316057,-0.00508799733089
0.549558047889,1.22564858994,-1.13893666777,0.338278354342,-0.0155405966924
-0.327496778078,1.20795126501,-1.15500022053,-0.571325654356,-0.0147095906531
-0.517927420963,1.17662980899,-0.774333059857,-0.827245920248,0.0103542700667
-0.500035519913,1.14629153768,-0.718529059994,-0.242755322576,0.00947787086401
-0.20296873376,1.13772378513,-0.684436042378,0.215088718803,0.00620389000671
-0.444374889923,1.11145870766,-0.80979428205,0.0597481633402,0.0123248353875
-0.425182537211,1.0868790897,-1.14511624827,-0.399796350474,0.021156799181
0.15367541627,1.10387413983,-0.935769766962,-0.114504728767,-0.0036419073431
0.133434693797,1.11960509532,-0.415039948342,0.472894907666,-0.0245619917847
0.0578210491163,1.12999876235,-0.186416419864,0.64969147649,-0.0259956673888
0.199186258414,1.15050518647,-0.294395419967,0.416235468678,-0.0163442294863
0.403163313023,1.18533801649,-0.944066372703,0.188765131639,-0.0190476190476
-0.169570818721,1.17929845322,-1.20379816314,-0.856771069225,-0.0158959537572
-0.652726921521,1.13814515001,-1.23705518754,-0.719691017126,-0.0212272258508
-0.685838122361,1.09432320257,-1.23281819596,-0.370654241031,-0.0261762189906
-0.462935048696,1.06679403046,-1.12128119562,0.0972281408037,-0.0311122414378
-0.525370703219,1.03477029963,-1.00652244091,0.129672836452,-0.0113268608414
-0.452581976037,1.00850522216,-0.982553892286,-0.646240815731,-0.013820506176
-0.575709425876,0.9738128471,-0.741142821043,-0.77384278825,-0.000526824128545
-0.690008019884,0.930833629415,-0.598553606049,-0.503618454818,0.00711524947294
-0.804007051559,0.879286659186,-0.784517840589,-0.243695419788,0.0128620176743
-0.347057300327,0.860606149538,-0.52871362576,0.611863409765,-0.0255835989319
-0.404648844233,0.838133355978,-0.179105827041,-0.153331480447,-0.0362617149864
-0.0976269663888,0.837290626219,-0.0554802583166,-0.325881035875,-0.0339102169902
0.0788691901592,0.848667477959,0.285775701273,0.0250051668906,-0.0679459223724
0.211592656722,0.869314357043,0.013389380899,0.435701421794,-0.0822391154112
-0.67632126834,0.827599233996,-0.124498970727,-0.601780858488,-0.0365099009901
-0.922935805321,0.769450880658,-0.029563540774,-0.796879268678,-0.0284467872398
-0.868627200079,0.715235266193,0.462514137063,-0.517757436356,-0.00254614894971
-1.65469280198,0.605820852544,1.20027883968,-0.63097124629,0.0365899307505
-1.9847987088,0.472107730858,0.703961094335,-0.540619095294,0.0405685240964
-0.928667741186,0.41409983248,0.440592743017,0.161750579693,-0.0178915496835
-0.742447526498,0.370137430077,0.0530028300518,-0.278588443782,0.0087932647334
-0.144263924935,0.366204691204,0.974624924017,0.647925567417,-0.0557024341326
0.759596468153,0.421122580467,0.813390430738,0.591913029316,-0.0343053173242
0.851483365693,0.481658668121,0.0962737583562,0.375672105851,-0.000995024875622
-0.498670908095,0.454269950969,0.288477770653,-0.516339393331,0.00887518684604
0.117623494232,0.467472717186,0.145818254893,-0.402685572084,-0.00593471810089
-1.37192548911,0.381654736776,0.263561555038,-0.743412664616,0.0447962927206
-0.877752169822,0.32828185207,0.00618945029947,-0.0453682470735,0.0433766476582
-0.108440213769,0.326736847513,-0.0559725926884,0.6654682631,0.00479898587468
0.119515511866,0.340080068689,0.228742752824,0.126331643538,-0.0150939901843
-0.222524023249,0.331090951265,0.0886985821621,-0.00730710027122,0.0138059701493
0.949125046716,0.396262052591,0.735779568112,0.0203555361354,-0.0543337645537
0.916337885765,0.461433153917,2.05766088066,0.679997355658,-0.127945524595
0.0253743347098,0.468877266784,2.56868287292,0.452054348977,-0.133819951338
-0.434060368461,0.445983108344,2.41721102334,-0.542647581767,-0.120910116585
0.233393543821,0.466770442388,1.31509741901,-0.114287657448,-0.182186234818
-1.3403156234,0.384182926052,0.297343061777,-0.748361313913,-0.177838577291
-3.04040298208,0.183613243523,0.154437938515,-0.722143703922,-0.150313366896
-3.17607476388,-0.0249623717119,0.0262531329936,-0.551937586217,-0.151685393258
-2.8779179632,-0.205587449956,0.928355974919,-0.50708185959,-0.0836363636364
-4.29310969259,-0.483688270269,2.42339932479,-0.681376258515,-0.0213771377138
-4.19269913868,-0.739316297022,2.43381634791,-0.719530358353,-0.0249584026622
-3.55699551996,-0.944801903142,2.74394654184,-0.549608628444,0.0282950423216
-3.58868291167,-1.14958523446,1.44800085603,-0.464297727971,0.0345842531273
-2.01706860756,-1.25942101299,0.192661678725,0.191052557988,0.00326797385621
-0.57917168874,-1.28610745534,0.718531279468,0.631835511283,-0.0507013106461
-0.661882158691,-1.31560299689,1.09828439987,-0.363998608883,-0.053144807411
0.56802334245,-1.28273653631,1.35005265316,0.1658357183,-0.0783160865475
0.713274696049,-1.24312823766,0.81453299097,-0.125692443574,-0.0960170697013
-0.00998488203951,-1.23919549879,0.732817766825,0.290355661454,-0.138901814798
-1.25642292792,-1.30113613604,1.29961734943,-0.430545243882,-0.0178030761778
-1.31285627442,-1.36237449849,3.13954137103,-0.828111195901,0.0550978372812
-1.89419509091,-1.45591750169,4.20961502447,-0.467859589208,0.0751467211023
-2.3030050104,-1.56968601909,4.92177267222,-0.488840138211,0.132835038028
-3.29344204081,-1.73738924103,2.84359266192,-0.596601366591,0.163469332613
-0.496627583924,-1.75803612012,1.35973839759,0.689859904159,0.0701602959309
1.18704254349,-1.69792139734,1.97466785251,0.546923385329,0.0197657393851
1.65007798676,-1.61519342605,3.90748018332,0.559984784501,-0.0557731102409
2.98240828688,-1.47291255182,4.3477009902,0.516465735643,-0.0669058918856
3.68991720851,-1.30296205052,2.62440488669,0.450234034354,-0.0899907106363
1.5349148879,-1.22304317842,1.5393050978,0.419574296243,-0.109229173868
0.371036338027,-1.20028947493,-0.00585051751208,-0.653445134043,-0.108518784398
-1.37355777664,-1.26630330602,1.01188177866,-0.81334647675,-0.0110594445143
-1.63067296219,-1.34748627276,1.00495499398,-0.423591962973,-0.0688500186081
-2.16382430259,-1.45633886657,0.968545211659,-0.502161351365,-0.0761771085875
-2.60814282075,-1.58949016841,0.859743981483,-0.53518567358,-0.0320786444186
-2.59173614665,-1.71688281691,0.145680418838,-0.759110683075,-0.0472419809422
-0.340881233934,-1.72924285337,1.25169334681,0.176967091284,-0.148049307409
-1.67557319637,-1.80719535603,1.25384567599,-0.452733445794,-0.0678124167333
-1.8447947045,-1.89104696701,2.48573301629,-0.649383931561,0.0310773480663
-0.826326440338,-1.92587979702,2.81006449297,-0.0590464804526,0.00708272083389
-1.1765285918,-1.97531994286,3.91734976301,-0.57825865268,0.0750809973236
-3.50470633531,-2.13894997097,3.20723415338,-0.764964310076,0.137380668258
-1.65160944615,-2.21044154549,1.70415903766,-0.186291595375,0.0270115763899
0.6322815917,-2.17883917954,2.03282492897,0.478186700491,-0.000535833891494
0.0781179307406,-2.17139506668,2.11359317617,0.546635211803,0.000265392781316
1.64856007487,-2.09653257313,2.82441878881,0.458416895554,-0.0518867924528
3.08739108429,-1.96717355519,0.270454710741,0.33085947241,-0.0123278688525
0.538381282476,-1.9406275678,2.0426338048,-0.82861375094,0.10353465071
-0.0978350497723,-1.94118938764,2.10125001204,-0.0738294881364,0.035652057365
-0.0793304611424,-1.94090847772,2.07283253328,0.135528636372,0.0271955425842
-1.2838020129,-1.99652864178,1.06798692793,-0.453815707686,0.0406301824212
-0.370175903449,-2.009731408,0.562893840608,0.419828329968,0.0199176736157
2.30570638414,-1.90523291794,0.110326641655,0.780292078176,-0.0247162673392
0.737935979585,-1.86787189865,0.212108922435,0.261056142012,0.04477805099
0.542630041116,-1.8390786319,0.255459506762,0.208184058883,0.0359033966163
0.852907384607,-1.79778487373,0.272226202154,-0.483297505712,0.042363877822
0.374545308125,-1.77671662977,0.28322952091,-0.143636164075,0.0160135399037
-0.656289965249,-1.80424580188,-0.0929881952342,0.287124660249,-0.00943884147918
0.94870374806,-1.7556483858,1.22923635107,0.807645998637,-0.0670135017961
0.743740740723,-1.71660190699,1.45085576926,0.460352986628,-0.0619623488343
0.892947639495,-1.67179677483,0.664241570612,-0.0656092466875,-0.0317237864696
0.284378079862,-1.65452081478,0.00583298974415,-0.31836515504,-0.0271655561251
-0.303452883738,-1.66477402684,0.621731094779,-0.659713066022,0.0190575642866
-1.63315824781,-1.74076016007,1.11739396401,-0.647799418412,0.0440785979819
-1.51650023973,-1.81056627507,1.53004993948,-0.499008512515,0.0850611376927
-0.818130881465,-1.84553956005,1.2067070973,-0.105308206535,0.0675
-0.712857080344,-1.87531601151,0.459632083158,0.091126655972,0.0982613277134
0.354680805543,-1.85480958739,-0.0938725397932,0.85372461369,0.0507237094915
0.932549655068,-1.80817854075,0.0551625429252,0.62749299251,0.0358596134283
1.8790546381,-1.71828736651,1.44579054621,0.764956523312,-0.030499755022
1.47347449468,-1.64623397215,1.6689846059,0.437505164661,-0.0128189325773
2.18391728741,-1.54145457218,1.05075965579,0.638685443391,-0.0436555528904
1.0860206503,-1.48583440812,0.65358827319,0.191787378166,-0.0522979397781
0.742729553863,-1.44622610946,-0.57686519851,-0.267648023531,-0.0351092560766
-0.789861480088,-1.48119939444,-0.101796655734,-0.741613428954,0.00252684775742
-0.381517178682,-1.49580671026,-0.1690965765,-0.342228623181,-0.0435759770258
-1.09369887831,-1.54693231561,1.62547805295,-0.31226096763,0.0713569099574
-1.29329759309,-1.60718749334,2.11916342369,-0.698167576896,0.0825829688706
-0.896319394806,-1.64735761183,1.8209643544,-0.2485402045,0.0638676844784
-0.0271014285129,-1.64454851264,1.76905885742,0.130531625622,0.0786389413989
-1.09186104803,-1.69356729359,-0.20458212736,-0.713131334199,0.118146214099
1.56255107508,-1.61364842149,0.321348993344,0.854072716985,0.037106402903
1.82182052925,-1.52347633733,0.727916595167,0.440157829188,0.0270912547529
1.38958499526,-1.45296794753,0.997770676848,0.240883124577,0.0241569002631
1.73073194173,-1.36532405265,1.3821249366,0.337617586064,-0.00724383689683
2.64316515697,-1.23821231407,-0.47165452682,0.405947228884,0.019848219498
0.771524559222,-1.19368809183,-0.17518268017,0.795075747122,-0.020993227991
0.540221479988,-1.161664361,-0.330705052991,0.128041839969,-0.00104118463674
0.472451615891,-1.13329245913,0.318700630986,-0.288803685965,0.0547641289117
-0.252758544401,-1.14200066664,0.841322439801,-0.458132873893,0.0704954689891
0.372941242857,-1.11812332348,0.916857437729,0.262446400796,0.00320549513452
-0.570305169773,-1.14424794599,0.431171261375,0.273899418191,0.0306663592345
-0.109506288352,-1.14551204063,0.0777576565641,0.0752362036504,0.0343949044586
1.17933544099,-1.07963866451,0.689488409672,0.80273514672,-0.02402302668
1.54265581786,-0.995506143613,1.0138056263,0.610645666669,-0.0634344766931
-0.011427848284,-0.99157340474,1.02842653828,-0.182830211557,-0.0188291680931
0.62278967197,-0.954212385446,1.01147359727,0.121757289679,-0.0654362416107
0.708901627427,-0.912497262399,-0.0210755401524,-0.0825040922675,-0.0660546350202
-0.640279348458,-0.942975988665,0.298291920557,-0.362398990367,-0.10083938294
-1.55049950781,-1.02401850044,0.348735028491,-0.802496530371,-0.047188637164
-0.520325507913,-1.0471935688,-0.276465597254,-0.421652010026,-0.0614096301465
-1.59673091471,-1.12935972026,0.765057814534,-0.625034729378,0.000478755236385
-1.61101291011,-1.21222814651,1.80599948825,-0.471283894085,0.0364421002158
-2.4143778912,-1.33709260574,1.62960011045,-0.812004256218,0.0553803456541
-1.17529660002,-1.39355549956,1.25073178737,-0.295160876878,0.015892571147
-1.50373502323,-1.46771571831,-0.153826629499,-0.250600109507,0.0418835192069
-0.0744027863731,-1.46715389847,0.232390096017,0.52969490798,-0.0167484148822
0.756182274236,-1.4244555907,1.53929461778,0.746721393092,-0.0675456858663
1.19356716555,-1.36279586337,1.44818268366,0.117797162632,-0.0625149414296
0.28158426738,-1.34467717356,1.2680291462,-0.217634346716,-0.00594227504244
0.881853602228,-1.29720339717,0.35059638283,0.0101704849565,-0.00975261655566
-0.472269840877,-1.31686709153,1.11037763088,-0.464770214863,0.0333373889768
-1.64544921069,-1.39889278803,1.24400322881,-0.727513127981,0.0529645249318
-1.52926254409,-1.47235073198,1.13218862071,-0.731987562404,0.0926941221471
-0.222698553254,-1.47923302501,0.856679159943,0.122238253698,0.064901793339
-0.31069962041,-1.49075033171,-0.0230572354149,0.52958027695,0.0375930819121
0.684477966027,-1.45226567273,0.110056064874,0.621365953924,0.0250794772165
1.13777300619,-1.39229140492,0.324712929662,0.408485231776,0.0237955000589
2.05534087787,-1.29018064918,0.0929491615945,0.513735322034,0.0821470245041
1.41346807319,-1.21545861059,0.0280234637026,0.709988645283,0.0579676938939
0.782764568028,-1.17149620819,0.0845474566057,0.269815393471,0.0652853339507
0.493758828422,-1.14157930176,-0.165162239996,0.401639628989,0.0660464047783
0.464104961522,-1.11320739989,-0.0143629572092,0.188947093364,0.0178345414797
1.81175225339,-1.01432710822,1.36914000753,0.887314879148,-0.0424843648911
1.2533228083,-0.943256898585,1.45969220719,0.514722156336,-0.014293448836
1.42232606741,-0.864040301283,1.00038340801,0.305825158723,-0.0034771270238
1.43990324384,-0.783278699425,0.0943485243176,0.287036485633,0.0205796789139
0.326434699047,-0.761508180663,1.47868714102,-0.881056109796,0.0856884467556
-1.06664991343,-0.816847434806,1.29197483969,-0.501174543073,0.0745495495495
-0.415571607621,-0.835387489493,0.881892391434,0.10455618197,0.0192244315061
-0.165765164058,-0.839882048206,0.409024885182,0.305579933454,0.0366372260386
0.38983453417,-0.813055150893,0.585242880342,0.746016076388,0.00876266891892
1.89354254339,-0.706590291399,0.702975787128,0.614625107488,-0.0222823823407
1.63628611699,-0.613609108042,0.108204094763,0.361084387137,-0.0225319639489
0.358534657837,-0.589029490085,0.020203569141,-0.37072773224,0.000970036645829
0.760688768097,-0.541836623607,-0.583027541877,0.107052757188,0.00241927001157
0.116916874021,-0.530178861948,-0.731639115217,0.226886943779,-0.00429094714809
-0.600078605595,-0.560236223335,-0.812385960694,-0.272565399215,0.004898828541
-0.605842773396,-0.590434039682,-0.65334908128,-0.359434775252,0.030556449019
-0.0630564836454,-0.589169945044,-0.352043066205,-0.549210843868,0.0374717346829
-0.0295859712775,-0.58593948097,-0.325625479458,0.467748557462,-0.000104931794334
-0.184560602515,-0.59169813432,-0.206800712675,0.47834982505,-0.0116670170275
0.0276802333158,-0.585237206171,-0.128597410034,0.0789000787042,-0.00487494701145
0.620251260066,-0.545207542641,-0.294800183311,0.555216753982,-0.00364128173117
0.779962014601,-0.496329216647,-0.894048010244,0.559397224625,0.0145303580695
-0.0878832267511,-0.496469671607,-0.69824886288,-0.101078784881,0.0176303914367
-0.354913317242,-0.512060172139,-0.242487168544,-0.582291050856,0.045198340955
-0.198048267864,-0.518521100288,0.125741243827,-0.542030276799,0.0625133120341
-0.169556370011,-0.523437023879,-0.266386526653,0.326342940379,0.0384253941735
0.250123516659,-0.503773329514,-0.203892320339,0.767883350382,0.0108439897698
0.321719787907,-0.480176896275,0.0946874352421,0.373611221644,-0.000824997421883
0.958410480463,-0.42048353838,0.596697262314,0.499082901614,-0.0247252747253
1.35830532649,-0.338036477004,0.155977426906,0.691912027189,-0.0259597073269
0.801987088362,-0.286349051814,-0.521812926875,0.430862975044,-0.0129713423831
0.164985650885,-0.27146082608,-0.840897590565,0.0697188108583,-0.0225685659346
-0.104513374843,-0.272584465758,-1.13009037855,-0.770842837832,-0.015068634534
-0.656497993738,-0.306715020979,-0.898583480301,-0.675676675354,-0.00114762649974
-0.685007613123,-0.343092855555,-0.558100851607,-0.155286116069,0.0163613912328
-0.385037132341,-0.361211545363,-0.416291586486,0.34050630829,0.0151792991035
-0.606688108071,-0.392533001389,-0.613199768136,-0.207928328631,0.0174984468834
-0.433474771534,-0.413039425513,-0.997864868423,-0.55849987468,0.0176045268783
-0.111964597535,-0.41458443007,-1.1678208697,-0.397562736742,0.00511802799248
0.292411818588,-0.392252091469,-1.0778826049,0.622252170743,0.00415105801357
0.265111019305,-0.371324302466,-0.436346994312,0.643169469274,-0.0244856999498
0.31867248586,-0.347587414267,-0.531894692295,0.185328661674,0.00610562735321
0.321122437584,-0.323990981028,-0.229894647415,-0.262442074667,0.0335701781485
0.0327427154013,-0.317108688001,0.556406242276,-0.656737191754,0.0635976306765
0.0104102316181,-0.311350034651,0.512583900637,0.384305070245,0.0172413793103
-0.650964936968,-0.345621044831,-0.15610325309,-0.170789998795,0.034564345232
0.0555516414164,-0.337193747245,-0.307009474073,0.457938422312,0.0156771518155
0.689854307088,-0.291405430366,-0.140177215877,0.607093513141,0.00906645411976
1.38334801554,-0.205446994996,-0.545174747401,0.721330058637,-0.00810942843185
0.312735427284,-0.181429196878,-0.552963912524,0.241860676645,0.0122906135395
0.71281491678,-0.134236330401,-0.861510391874,-0.0160737224185,0.0175002485831
0.276609088386,-0.112465811639,-0.662348008805,-0.303124957373,0.0288787094204
0.123932891291,-0.0996844103011,-0.662404024505,0.115325036292,0.00908372827804
-0.2727496603,-0.111342171961,-0.857930862309,0.629114595154,0.00118203309693
0.198395893789,-0.0939257569511,-0.623177949353,0.672680337934,-0.00753941055517
0.318714096696,-0.0692056840344,-0.492191731271,0.52417291775,-0.0125085507671
0.581503322494,-0.0284737457057,-0.623296126714,0.754015444529,-0.0280681378242
0.124331843552,-0.0155518894083,-0.784921944062,-0.0769549583621,-0.0215264187867
-0.0581603571787,-0.0138664298913,-0.911179990098,-0.556093885306,-0.0288272333727
-0.259584913447,-0.0246814617923,-1.07290923676,-0.535731158339,-0.0268350434096
-0.374348810589,-0.0426596966409,-1.31495130391,-0.483965646048,-0.0266204849085
-0.733702496023,-0.0833916349696,-0.825501005777,-0.68889079877,-0.00248954391555
-0.582619383304,-0.114291726116,-0.640480146718,-0.66232762156,-0.0019
-0.751234052737,-0.155445029323,-0.433548021878,-0.768991209925,0.0125620504508
-0.705223782498,-0.193648778377,-0.618841966775,-0.529029343171,-0.000202757502028
-0.700268484658,-0.23143116255,-1.09164614274,-0.470741169314,0.00660837738918
-0.1429566134,-0.234942536544,-0.203372574514,0.590108981542,-0.0408305880004
-0.129340906376,-0.23761118078,0.0756561594165,0.420568809682,-0.0381725278028
0.204664816871,-0.22019476577,0.14488098619,0.341867158032,-0.0533266633317
-0.0901425430466,-0.22047567569,-0.0922867740143,-0.459346303044,-0.0358953559116
0.0671628157757,-0.211346103306,-0.891269484484,-0.37825921364,-0.02625997374
-1.02845540233,-0.268792181845,-0.483923588896,-0.836664434556,-0.00884679433805
-0.967066644091,-0.322305521511,0.210364394449,-0.538533996298,0.019375
-1.31705629561,-0.39716801506,0.26573187253,-0.598443714095,0.0305432255337
-0.914474624233,-0.446889070813,0.685066160266,-0.315257511414,0.0649978965082
-0.691942362856,-0.483407360349,0.769434673982,0.512385367817,0.0838087335339
-0.289779363912,-0.495346031929,1.56360676371,-0.164365581595,0.144702299695
0.362012085805,-0.469221409414,1.30979429025,0.77217441318,0.123748211731
0.619945859405,-0.428629926045,0.604732738626,0.429194089979,0.133627320275
1.4156876069,-0.341828760917,0.35790859498,0.796631931983,0.0779182302982
1.8501299598,-0.228341153436,0.817230618124,0.719635226266,0.0579959804766
3.25648652563,-0.0347942188946,1.41187741854,0.723491239187,0.0191725529768
2.7725451005,0.135296737368,1.56161030672,0.527449232083,0.0101845957989
3.00070630111,0.318309549927,0.525089249338,0.43363535674,0.00199022978107
1.71408688623,0.429128513173,-0.155896165891,0.108014975027,0.0145671094824
1.25397609606,0.514244218784,-1.08164615667,0.478611620651,0.00687471732248
0.357336506458,0.543599305373,-1.16511945992,0.567008884595,0.0025202520252
0.149756734285,0.559330260866,-1.01741429322,0.379452683786,0.0195337114052
-0.0394947938872,0.56242026998,-1.01720455448,0.142744296059,0.0197724810401
0.250972302401,0.584752608581,-1.01921018861,-0.225058616648,0.0103846848474
0.0733140225048,0.595427185522,-0.932526213832,0.633577317466,0.000539035127122
-0.0272537590775,0.599359924395,-0.993243689803,0.541415546642,0.0165200215479
0.365677576936,0.629838650662,-0.835166845275,0.856282333441,-0.00556242274413
0.371192038725,0.660598286848,-0.806129754858,0.461115094499,-0.0105356352368
0.154377855446,0.67675060722,-0.79166679623,-0.148937623369,0.0116185539369
-0.0730106028393,0.677593336979,-0.671489538407,-0.451538025071,0.0187662745802
0.296075436918,0.703437049573,-0.70387717513,0.397731538134,-0.00635930047695
-0.213925741815,0.694588387109,-0.580552901229,0.142265648832,-0.0155376009944
-0.328783689596,0.677874246898,-0.644120555139,-0.279085762146,-0.00134216177523
0.182874460339,0.696133391666,-0.707670511538,0.450661532427,-0.00609594487146
0.34795337575,0.725488478255,-1.16992364177,0.445677858096,-0.00528820729773
-0.232329890272,0.715375721152,-0.895713193492,-0.157418634186,0.0112
-0.44430570331,0.690796103195,-0.765538119378,-0.699157607526,0.0210137085137
-0.116457452515,0.688689278799,-0.774861140911,-0.332383186264,0.0102141385181
-0.226247607557,0.678997886576,-0.910887649255,0.157834921034,0.00764444444444
-0.207592647568,0.670570588991,-1.102211532,0.487914671099,0.00407584618111
0.173207822064,0.68826791392,-0.70900408995,0.644688795693,-0.0139767932489
0.399858587874,0.720993919543,-0.814122596156,0.261779750202,-0.0105997703383
0.150439032921,0.737005784955,-0.793045685636,-0.272548995024,-0.0180044345898
0.0910911188405,0.749084911493,-0.765995950586,0.212251883175,-0.0283168666196
0.00867319007048,0.755545839642,-1.02383823179,0.0552473540167,-0.0259442287328
-0.408258344629,0.733213501041,-0.909501354066,-0.78408924133,-0.00641882856379
-0.330264910466,0.716358905871,-0.869576608419,-0.566960929218,-0.00758860815999
-0.501278021445,0.687846549041,-0.702545872995,-0.731516179895,0.000632225433526
-0.739446967838,0.64276050696,-0.608700334471,-0.607131804901,0.0136177939174
-0.684650129997,0.601466748792,-0.833935139064,-0.375376885156,0.0147671679652
-0.233704710652,0.59135399169,-0.889672621733,0.328523664775,0.0121130551817
-0.26072114801,0.57941532011,-1.07348061005,0.361265667833,0.0187117668226
-0.0708583426328,0.580398504829,-0.693304891945,0.00372982463823,0.0433252098565
0.229047553006,0.601466748792,-0.643686206273,0.552484678383,0.035736677116
0.255592717638,0.624360907232,-0.695907601244,0.64257256493,0.0343719310776
0.194295126203,0.643322326799,-0.871196129285,0.717687774274,0.0226063829787
0.346694501493,0.672536958427,-0.876278636584,0.592395689622,0.0189862239491
0.91514991313,0.739955339109,-0.402983572456,0.817562359877,-0.00821870404014
0.739890300049,0.795996868051,-0.318534434477,0.535667627687,-0.00769629885853
0.708371049777,0.850072027557,-0.514950466005,0.417513745978,-0.0084584843777
0.43664191873,0.885888042294,-0.630120439684,0.0995088393853,-0.0184655396619
0.35303317742,0.916085858641,-1.05382108392,-0.426712122351,-0.0230522575613
-0.275273415745,0.902742637465,-1.07070234605,-0.799943295254,-0.0100314026518
-0.263208299453,0.890242146046,-1.02917928002,-0.445714883234,-0.0250980392157
-0.280811220038,0.87647755999,-1.12980000826,-0.175894062466,-0.0169742339833
-0.511927391921,0.846560653563,-0.779577396433,-0.836444430836,0.00353294470942
-0.617859122317,0.809199634268,-0.367034248044,-0.660466640672,0.0213785150359
-0.317138275287,0.793047313897,-0.0931984471183,-0.16969817862,0.0265221605428
-0.665107109965,0.752596285487,-0.182356371047,-0.61866387916,0.0371860194869
-0.477485205907,0.725207568335,-0.253325727509,0.0663433894885,0.058089081732
-0.00386529465695,0.730825766725,-0.385233611846,0.49513524636,0.0609047702869
0.408283912258,0.764675412026,-0.608587525961,0.728112930415,0.0467257252041
0.527078065513,0.806952354912,-0.891788702707,0.680302680028,0.045321888412
0.773363329926,0.86538161817,-1.03787704494,0.386869236179,0.0465396880117
1.2561262996,0.957520071769,0.846235201381,0.770708543755,-0.0340614277345
1.32115553563,1.05471490392,1.1625946845,0.640706864639,-0.0313588850174
0.993685912708,1.13027967227,1.15713842449,0.433897415187,-0.0330235645536
0.961263848862,1.20443989102,0.95849684678,0.480914188378,-0.0583018558056
0.9893893237,1.28028556928,-0.807927307137,0.378547721885,-0.0413406901095
-0.872119461026,1.22312040066,-0.428721845394,-0.87382929705,-0.0105700918385
-0.809703364643,1.17002842588,-0.386942695615,-0.417759605668,-0.0239808153477
-0.848149675859,1.11412735189,-0.304167336725,-0.309243013251,-0.0176763343058
-1.43195997169,1.01440433047,-0.438564673661,-0.433821236119,0.00523194977328
-1.04023637519,0.943895940672,-0.729984867861,0.254083249196,0.00146035563955
-0.329579475934,0.926760435582,-0.675377479128,-0.64021119036,0.00210157618214
-0.639304464115,0.887433046851,-0.911889644075,-0.486699211341,0.00377325377325
-0.493700439481,0.858499325142,-1.39542752021,-0.137180485127,0.0041928721174
0.0353737757008,0.866926622727,-1.34574776154,0.207814148102,-0.00173490631506
-0.0517324082194,0.869314357043,-1.34666105151,0.790485396824,0.00188711614342
-0.0369232128141,0.872685276077,-0.750181196302,-0.247089194172,0.0284865431667
0.00168472073976,0.878724839347,-0.134719765993,-0.343003786679,0.0498295305534
0.011375941843,0.885466677415,0.0773618971657,-0.095367260634,0.0521920668058
-0.125528014433,0.88265757822,-0.129143342618,-0.0056347194697,0.0533541883907
-0.041876236632,0.885747587334,-0.732557769419,0.849743452303,0.0303082191781
0.57244611628,0.931535904214,-0.735146416335,0.684395993938,0.028632115548
1.0653692991,1.01159523127,-0.525482035303,0.747868924454,0.0175701557165
1.11993283644,1.09586820713,-0.537894585907,0.589563644745,0.0135582010582
1.14677240955,1.18210755242,-0.891336945212,0.468531978384,0.00758950668207
0.614518311766,1.23182860817,-0.984433128709,0.0995113939625,0.0101379424963
0.575808157414,1.27916192961,-1.07061574135,0.339104644257,-0.000578177913604
0.320328624508,1.30879792611,-1.1059065952,0.77543843831,-8.18330605565e-05
0.227671236688,1.33183253951,-1.09778472237,0.612502254942,-0.00546492659054
0.0898223134854,1.34475439581,-1.08139486599,0.251383629657,-0.00679548059604
0.148679261203,1.3618899009,-1.13265909749,-0.294885344656,-0.0144784468575
-0.0988129986308,1.36090671618,-1.17031865121,-0.719838774169,-0.00479338842975
-0.0873497540386,1.36076626122,-1.20356999113,0.233991185868,-0.00204599394386
-0.211674036678,1.35135577892,-1.20431837482,0.16805269616,-0.00565898466333
-0.242403610913,1.33969801726,-1.11444245804,-0.303127667446,0.00214326931003
-0.419844196643,1.31497794434,-1.03978610417,-0.771321226942,0.0123539232053
-0.196164646094,1.30683155668,-1.06368029504,-0.351977177034,0.00548081714001
-0.132712683634,1.30332018268,-0.96476097589,0.453953869189,-0.00893882237166
-0.216155870507,1.29362879046,-0.985098246275,0.178188366837,0.00932035631805
-0.0359602965675,1.29728061941,-0.92654829351,0.33023267097,0.0139837130871
0.199858050957,1.31806795346,-0.836215113601,-0.00890729431993,0.0191292875989
0.0411214478652,1.3273379808,-0.731117126147,-0.50398860803,0.0227122563594
-0.291904781053,1.31202839019,-1.16816680094,-0.666951758812,0.0133223003724
0.129796844515,1.32789980064,-1.01942750334,0.798850828534,0.00245158126992
0.237498574343,1.3517771438,-0.555930135727,0.734324269952,-0.0150077066602
0.356337278591,1.38436269446,-0.476268451279,0.548381261256,-0.0136731391586
0.439087098631,1.42298780839,-0.74557742875,0.430342641818,-0.00985221674877
0.222223034204,1.44560105691,-0.793021411381,-0.487756277845,0.011187326474
-0.0288397323365,1.44981470571,-0.693186736764,-0.421533466193,0.0100269014429
-0.432067622621,1.42383053815,-0.507261398292,-0.711729638835,0.0248723439302
-0.401245355398,1.40009364995,-0.460889477751,-0.301432149453,0.0343696169305
-0.312999919019,1.38295814486,-0.857451293814,0.369574114292,0.0248756218905
0.172915122889,1.40220047435,-0.948729869093,0.736110332755,0.0203504804975
0.146114732233,1.4194764344,-0.877720335043,0.522406886574,0.00694108151735
