,IBM_High,IBM_Low,IBM_Volume,IBM,tprice,raw_mf,mf_ch,mf_ch_prop,mf_gain,mf_loss,rm_mf_gain,rm_mf_loss,mf_ratio,mfi
2007-12-31,110.0,107.26,5732300,99.27,105.51,604814973.0,,,0.0,0.0,,,,
2008-01-02,108.99,104.17,9503500,96.14,103.1,979810850.0,-374995877.0,0.617277276527,0.0,374995877.0,,,,
2008-01-03,105.57,103.98,7528900,96.34,101.963333333,767671740.333,212139109.667,1.27634091308,212139109.667,0.0,,,,
2008-01-04,103.95,100.48,11034600,92.87,99.1,1093528860.0,-325857119.667,0.702013242095,0.0,325857119.667,,,,
2008-01-07,101.0,99.03,12650400,91.88,97.3033333333,1230926088.0,-137397228.0,0.888378977959,0.0,137397228.0,,,,
2008-01-08,100.38,97.17,9434400,89.62,95.7233333333,903092216.0,327833872.0,1.36301262063,327833872.0,0.0,,,,
2008-01-09,99.15,97.16,10922100,90.28,95.53,1043388213.0,-140295997.0,0.865538066031,0.0,140295997.0,,,,
2008-01-10,100.86,97.15,10634700,91.76,96.59,1027205673.0,16182540.0,1.01575394337,16182540.0,0.0,,,,
2008-01-11,99.46,97.04,8959900,89.7,95.4,854774460.0,172431213.0,1.20172714683,172431213.0,0.0,,,,
2008-01-14,105.59,101.33,18009400,94.53,100.483333333,1809644543.33,-954870083.333,0.472343844071,0.0,954870083.333,,,,
2008-01-15,104.64,101.23,11629500,93.52,99.7966666667,1160585335.0,649059208.333,1.55925160241,649059208.333,0.0,,,,
2008-01-16,102.86,100.14,12681700,93.33,98.7766666667,1252656053.67,-92070718.6667,0.926499601868,0.0,92070718.6667,,,,
2008-01-17,103.45,100.05,11934000,92.85,98.7833333333,1178880300.0,73775753.6667,1.06258120834,73775753.6667,0.0,,,,
2008-01-18,106.72,102.5,23871700,94.96,101.393333333,2420431235.33,-1241550935.33,0.487053828587,0.0,1241550935.33,103672978.333,233359854.214,0.444262269028,30.7604981834
2008-01-22,103.09,98.55,15129500,92.96,98.2,1485716900.0,934714335.333,1.62913354175,934714335.333,0.0,170438288.0,233359854.214,0.730366791554,42.2087845836
2008-01-23,106.34,98.5,19588100,97.44,100.76,1973696956.0,-487980056.0,0.752758368241,0.0,487980056.0,170438288.0,241430152.714,0.705952782135,41.3817304634
2008-01-24,107.51,104.68,13025700,98.18,103.456666667,1347595503.0,626101453.0,1.46460636861,626101453.0,0.0,200007026.81,241430152.714,0.828426046047,45.3081516662
2008-01-25,107.79,104.1,10025400,95.99,102.626666667,1028873384.0,318722119.0,1.30977778603,318722119.0,0.0,222772892.452,218154644.167,1.02116960793,50.5236969686
2008-01-28,105.77,103.83,7858500,96.41,102.003333333,801593195.0,227280189.0,1.28353557692,227280189.0,0.0,239007191.667,208340556.452,1.14719474564,53.4276058551
2008-01-29,106.8,104.6,6616200,97.44,102.946666667,681115736.0,120477459.0,1.17688250709,120477459.0,0.0,224196019.31,208340556.452,1.07610358313,51.8328464858
2008-01-30,107.65,104.86,7431100,97.02,103.176666667,766716127.667,-85600391.6667,0.888354517953,0.0,85600391.6667,224196019.31,204433727.5,1.0966684512,52.3052870171
2008-01-31,107.97,103.7,9054600,98.36,103.343333333,935732546.0,-169016418.333,0.819375291523,0.0,169016418.333,223040123.595,216506328.81,1.03017830851,50.7432428074
2008-02-01,109.4,105.86,8047100,100.17,105.143333333,846098917.667,89633628.3333,1.10593752865,89633628.3333,0.0,217126010.405,216506328.81,1.00286218698,50.0714524194
2008-02-04,109.0,107.23,5985500,99.12,105.116666667,629175808.333,216923109.333,1.34477344243,216923109.333,0.0,232620518.214,148301322.857,1.56856671089,61.0677816636
2008-02-05,108.05,104.68,9048900,96.45,103.06,932579634.0,-303403825.667,0.674661750477,0.0,303403825.667,186259146.19,169973024.69,1.09581591861,52.2858858395
2008-02-06,106.49,103.58,8265700,95.5,101.856666667,841916649.667,90662984.3333,1.10768641334,90662984.3333,0.0,192735073.643,163396544.786,1.17955415701,54.1190570198
2008-02-07,104.0,100.6,11255800,94.34,99.6466666667,1121602950.67,-279686301.0,0.750636978234,0.0,279686301.0,187465376.952,183374137.714,1.02231088467,50.5516185676
2008-02-08,103.67,102.07,6085600,95.2,100.313333333,610466821.333,511136129.333,1.8372873209,511136129.333,0.0,223975100.476,94691928.0476,2.36530298933,70.2849935601
2008-02-11,105.55,102.87,6098300,96.92,101.78,620684974.0,-10218152.6667,0.983537296544,0.0,10218152.6667,157209790.81,95421796.0952,1.64752496015,62.2288735687
2008-02-12,107.33,104.7,7650200,98.21,103.413333333,791132682.667,-170447708.667,0.784552310376,0.0,170447708.667,157209790.81,72740914.1429,2.16122924302,68.3667357498
2008-02-13,108.93,106.8,6608200,99.95,105.226666667,695358858.667,95773824.0,1.13773294581,95773824.0,0.0,119329245.881,72740914.1429,1.64046942889,62.1279463016
2008-02-14,108.5,105.5,7340600,97.84,103.946666667,763030901.333,-67672042.6667,0.911311530702,0.0,67672042.6667,96563380.2381,77574631.4762,1.24478039277,55.452212465
2008-02-15,106.25,105.0,6235600,97.87,103.04,642516224.0,120514677.333,1.18756674592,120514677.333,0.0,88937272.2619,77574631.4762,1.14647366761,53.4119605057
2008-02-19,107.62,104.64,7376400,96.8,103.02,759916728.0,-117400504.0,0.845508725267,0.0,117400504.0,80331739.4762,85960381.7619,0.934520506187,48.3076040393
2008-02-20,108.21,104.53,7671000,99.42,104.053333333,798193120.0,-38276392.0,0.952046201551,0.0,38276392.0,80331739.4762,82580096.0714,0.972773625823,49.3099468226
2008-02-21,109.6,106.43,8328000,98.57,104.866666667,873329600.0,-75136480.0,0.913965494814,0.0,75136480.0,80331739.4762,75874386.1905,1.0587464823,51.4267536778
2008-02-22,108.48,105.71,7917200,99.63,104.606666667,828191901.333,45137698.6667,1.05450149729,45137698.6667,0.0,77153458.7857,75874386.1905,1.01685776531,50.4179215212
2008-02-25,110.32,107.43,8158000,101.48,106.41,868092780.0,-39900878.6667,0.954036158823,0.0,39900878.6667,61658950.9762,78724448.9524,0.783224929443,43.921824808
2008-02-26,114.99,109.05,18651500,105.44,109.826666667,2048432073.33,-1180339293.33,0.423784020618,0.0,1180339293.33,61658950.9762,141362696.643,0.436175543057,30.3706287971
2008-02-27,116.63,112.91,11854900,107.36,112.3,1331305270.0,717126803.333,1.53866443669,717126803.333,0.0,106406366.619,141362696.643,0.752718851196,42.9457839563
2008-02-28,115.9,114.56,7227200,106.24,112.233333333,811132746.667,520172523.333,1.64129148462,520172523.333,0.0,143561546.857,121385103.714,1.18269493096,54.1850770891
2008-02-29,115.14,113.35,8475100,104.96,111.15,942007365.0,-130874618.333,0.86106837038,0.0,130874618.333,107051823.333,130733290.738,0.818856641097,45.0204058195
2008-03-03,114.81,113.48,6335700,105.3,111.196666667,704508721.0,237498644.0,1.33711242589,237498644.0,0.0,124016012.19,130003422.69,0.953944208729,48.8214660617
2008-03-04,115.72,112.75,8593300,106.67,111.713333333,959986187.333,-255477466.333,0.733873810161,0.0,255477466.333,124016012.19,136076976.81,0.911366603655,47.6814129698
2008-03-05,116.41,114.25,8434200,106.37,112.343333333,947526142.0,12460045.3333,1.01315008081,12460045.3333,0.0,118065028.0,136076976.81,0.867634119806,46.456321964
2008-03-06,115.15,112.25,8018400,103.73,110.376666667,885044264.0,62481878.0,1.0705974611,62481878.0,0.0,122528019.286,131243259.476,0.933594759645,48.2828552874
2008-03-07,114.75,111.8,8124900,105.04,110.53,898045197.0,-13000933.0,0.985523074959,0.0,13000933.0,113919828.048,132171897.548,0.861906578943,46.2916125165
2008-03-10,115.99,113.12,9747300,105.1,111.403333333,1085881711.0,-187836514.0,0.827019359386,0.0,187836514.0,113919828.048,137203041.119,0.830301042298,45.3641790673
2008-03-11,116.56,114.04,10480600,107.39,112.663333333,1180779331.33,-94897620.3333,0.919631367339,0.0,94897620.3333,113919828.048,141247414.571,0.806526819576,44.6451616902
2008-03-12,118.0,115.11,9083200,107.92,113.676666667,1032547898.67,148231432.667,1.14355889238,148231432.667,0.0,124507787.524,135880523.143,0.916303416001,47.8161969733
2008-03-13,116.78,113.64,9548900,106.85,112.423333333,1073519167.67,-40971269.0,0.96183461811,0.0,40971269.0,121283666.19,138807042.357,0.873757297403,46.6312952384
2008-03-14,116.52,112.69,9734600,106.23,111.813333333,1088458074.67,-14938907.0,0.98627516544,0.0,14938907.0,121283666.19,137024044.381,0.885126889506,46.9531729898
2008-03-17,117.04,113.0,9280300,106.52,112.186666667,1041125922.67,47332152.0,1.04546246613,47332152.0,0.0,124664534.19,52714094.8571,2.36491842511,70.2815975407
2008-03-18,118.43,113.81,9966500,109.16,113.8,1134187700.0,-93061777.3333,0.917948521807,0.0,93061777.3333,73441191.0952,59361364.6667,1.23718838857,55.3010374491
2008-03-19,118.5,116.65,9314400,107.8,114.316666667,1064791160.0,69396540.0,1.06517385062,69396540.0,0.0,41242906.5714,59361364.6667,0.694776927771,40.9951844627
2008-03-20,118.48,116.65,11417900,109.08,114.736666667,1310051786.33,-245260626.333,0.812785548715,0.0,245260626.333,41242906.5714,67531793.8095,0.610718363083,37.9158999537
2008-03-24,119.79,118.13,8398000,109.76,115.893333333,973272213.333,336779573.0,1.34602813929,336779573.0,0.0,48334401.5,67531793.8095,0.715728085594,41.7157060961
2008-03-25,119.1,117.15,8443600,108.75,115.0,971014000.0,2258213.33333,1.00232562387,2258213.33333,0.0,48495702.4524,49283403.3571,0.98401691338,49.5972038718
2008-03-26,117.97,114.96,9617100,107.78,113.57,1092214047.0,-121200047.0,0.889032697086,0.0,121200047.0,47605699.2143,57940549.5714,0.821630094406,45.1041129002
2008-03-27,116.2,114.51,8437200,106.49,112.4,948341280.0,143872767.0,1.15170990659,143872767.0,0.0,53419334.1429,57940549.5714,0.921968026503,47.9699981368
2008-03-28,116.75,114.21,6600900,105.62,112.193333333,740576974.0,207764306.0,1.28054383716,207764306.0,0.0,68259641.7143,57011911.5,1.19728737238,54.4893393295
2008-03-31,115.87,113.34,9707200,106.14,111.783333333,1085103173.33,-344526199.333,0.682494524207,0.0,344526199.333,68259641.7143,68204031.881,1.00081534525,50.0203753248
2008-04-01,118.37,114.97,11875400,107.39,113.576666667,1348768347.33,-263665174.0,0.804514115029,0.0,263665174.0,68259641.7143,80258857.1429,0.850493567243,45.9603633484
2008-04-02,116.88,113.98,8007600,105.84,112.233333333,898719640.0,450048707.333,1.50076652084,450048707.333,0.0,89818018.4762,80258857.1429,1.11910412973,52.8102472187
2008-04-03,116.82,113.86,7052900,106.95,112.543333333,793756875.667,104962764.333,1.13223540803,104962764.333,0.0,97315358.7857,77332337.9286,1.25840445786,55.7209517311
2008-04-04,116.58,114.6,5733200,106.71,112.63,645730316.0,148026559.667,1.22923898104,148026559.667,0.0,107888684.476,76265273.1429,1.41465020749,58.5861340539
2008-04-07,117.37,115.82,6181200,107.22,113.47,701380764.0,-55650448.0,0.920655867887,0.0,55650448.0,104507816.476,80240305.1429,1.3024354318,56.5677288409
2008-04-08,116.88,115.28,7283300,107.19,113.116666667,823862618.333,-122481854.333,0.851332186207,0.0,122481854.333,104507816.476,82341739.2143,1.2691961267,55.9315306317
2008-04-09,117.72,115.72,6819100,107.65,113.696666667,775308939.667,48553678.6667,1.06262494366,48553678.6667,0.0,103019040.667,82341739.2143,1.25111567535,55.5775826649
2008-04-10,119.22,116.88,9149300,109.5,115.2,1053999360.0,-278690420.333,0.735587675942,0.0,278690420.333,103019040.667,84729581.6429,1.21585683145,54.8707305542
2008-04-11,117.8,115.51,9556800,106.94,113.416666667,1083900400.0,-29901040.0,0.972413480058,0.0,29901040.0,78963356.881,86865370.2143,0.909031489605,47.6174172377
2008-04-14,117.94,115.95,7745600,108.12,114.003333333,883024218.667,200876181.333,1.22748660466,200876181.333,0.0,93150354.5952,86865370.2143,1.07235316405,51.7456764923
2008-04-15,117.67,115.54,8642000,108.01,113.74,982941080.0,-99916861.3333,0.89834908382,0.0,99916861.3333,93150354.5952,85345142.6667,1.09145467082,52.1863890261
2008-04-16,120.47,117.17,19317700,111.06,116.233333333,2245360663.33,-1262419583.33,0.43776534258,0.0,1262419583.33,82873728.381,175517970.048,0.472166629767,32.0729067091
2008-04-17,123.72,120.7,18999100,113.46,119.293333333,2266465969.33,-21105306.0,0.990688011077,0.0,21105306.0,68033420.8095,177025491.905,0.384314259362,27.7620675192
2008-04-18,125.0,123.15,12490800,114.68,120.943333333,1510678988.0,755786981.333,1.50029621603,755786981.333,0.0,122018205.19,152416477.667,0.800557833762,44.4616562018
2008-04-21,124.51,122.05,6952800,114.63,120.396666667,837093944.0,673585044.0,1.80467078854,673585044.0,0.0,170131422.619,133583250.952,1.27359845943,56.0168597119
2008-04-22,124.35,123.01,5417500,114.01,120.456666667,652573991.667,184519952.333,1.28275713511,184519952.333,0.0,151165082.976,133583250.952,1.13161703955,53.0872581028
2008-04-23,124.78,122.64,7593300,113.94,120.453333333,914638296.0,-262064304.333,0.713477660536,0.0,262064304.333,143667742.667,152302129.833,0.943307508725,48.5413401888
2008-04-24,124.9,122.73,5996700,114.49,120.706666667,723841668.0,190796628.0,1.26358889856,190796628.0,0.0,146722747.548,152302129.833,0.963366354155,49.0670705504
2008-04-25,124.5,122.06,6313400,113.46,120.006666667,757650089.333,-33808421.3333,0.95537726213,0.0,33808421.3333,146722747.548,150741985.071,0.973336973625,49.3244178077
2008-04-28,123.05,121.64,5605200,112.18,118.956666667,666775908.0,90874181.3333,1.13628893942,90874181.3333,0.0,153213760.5,141993281.19,1.07902119886,51.9004423548
2008-04-29,123.2,122.04,7226000,113.25,119.496666667,863482913.333,-196707005.333,0.772193517329,0.0,196707005.333,149745640.595,156043781.571,0.959638628898,48.9701833158
2008-04-30,123.5,120.5,8128300,111.27,118.423333333,962580380.333,-99097467.0,0.897050190275,0.0,99097467.0,149745640.595,143215713.476,1.04559504652,51.1144690295
2008-05-01,124.43,121.06,8230200,113.95,119.813333333,986087696.0,-23507315.6667,0.976161029326,0.0,23507315.6667,149745640.595,142759018.881,1.04893996729,51.1942752855
2008-05-02,124.0,121.76,6916600,113.56,119.773333333,828424237.333,157663458.667,1.19031729344,157663458.667,0.0,146659017.548,142759018.881,1.02731875504,50.6737656566
2008-05-05,123.25,121.74,6359300,112.5,119.163333333,757795385.667,70628851.6667,1.09320306379,70628851.6667,0.0,151703935.524,135622100.214,1.11857827953,52.7985342971
2008-05-06,123.34,120.78,5910400,113.22,119.113333333,704007445.333,53787940.3333,1.07640251632,53787940.3333,0.0,155545931.262,45449272.8333,3.42240747904,77.3878819458
2008-05-07,124.98,122.41,11406800,114.91,120.766666667,1377561213.33,-673553768.0,0.51105347517,0.0,673553768.0,155545931.262,92052734.4048,1.68974808046,62.8217970574
2008-05-08,125.17,123.7,9794000,115.63,121.5,1189971000.0,187590213.333,1.15764267645,187590213.333,0.0,114960447.833,92052734.4048,1.24885424183,55.5329117646
2008-05-09,124.65,123.63,5502900,114.83,121.036666667,666052673.0,523918327.0,1.78660194342,523918327.0,0.0,104269968.048,92052734.4048,1.13271994278,53.1115183039
2008-05-12,125.99,123.56,8666800,115.93,121.826666667,1055847354.67,-389794681.667,0.630822883683,0.0,389794681.667,91089971.4524,119895211.667,0.759746533545,43.173634331
2008-05-13,126.7,125.03,9693400,117.17,122.966666667,1191965086.67,-136117732.0,0.885803927042,0.0,136117732.0,91089971.4524,110899027.929,0.821377546348,45.0965011617
2008-05-14,128.83,126.2,8888300,118.04,124.356666667,1105319360.33,86645726.3333,1.07838976629,86645726.3333,0.0,83650621.3333,110899027.929,0.75429535223,42.9970558419
2008-05-15,128.68,126.9,7227900,118.91,124.83,902258757.0,203060603.333,1.22505805763,203060603.333,0.0,98154950.1429,108484140.69,0.904786169832,47.5006687975
2008-05-16,128.48,126.8,6372100,118.31,124.53,793517613.0,108741144.0,1.13703683727,108741144.0,0.0,99431161.7619,108484140.69,0.916550208436,47.8229166344
2008-05-19,128.21,126.05,6385200,117.08,123.78,790360056.0,3157557.0,1.00399508677,3157557.0,0.0,99656701.5476,94433640.3095,1.05530932855,51.3455232208
2008-05-20,126.05,124.45,7017700,115.87,122.123333333,857024916.333,-66664860.3333,0.922213626392,0.0,66664860.3333,99656701.5476,92117025.5476,1.08184888684,51.9657739655
2008-05-21,126.4,123.02,8333900,114.43,121.283333333,1010763171.67,-153738255.333,0.84789883561,0.0,153738255.333,99656701.5476,101419235.524,0.982621304853,49.5617242914
2008-05-22,125.35,123.55,5031300,115.43,121.443333333,611017843.0,399745328.667,1.65422856836,399745328.667,0.0,116948263.69,101419235.524,1.15311718814,53.5557095773
2008-05-23,124.91,123.77,4701500,114.96,121.213333333,569884486.667,41133356.3333,1.07217841035,41133356.3333,0.0,114841442.595,101419235.524,1.13234380048,53.103247245
2008-05-27,127.38,124.0,6989200,117.85,123.076666667,860207438.667,-290322952.0,0.662496580534,0.0,290322952.0,110999446.857,122156589.238,0.908665243107,47.6073657436
2008-05-28,129.54,126.99,9875600,119.91,125.48,1239190288.0,-378982849.333,0.694168964199,0.0,378982849.333,110999446.857,101115809.333,1.09774571938,52.3297799747
2008-05-29,129.99,128.66,7561500,120.06,126.236666667,954538555.0,284651733.0,1.29820873291,284651733.0,0.0,117932412.548,101115809.333,1.166310326,53.8385619089
2008-05-30,129.99,128.8,8652900,119.8,126.196666667,1091967137.0,-137428582.0,0.874145862688,0.0,137428582.0,80509674.9048,110932136.619,0.725756100608,42.0543841828
2008-06-02,129.37,126.7,7599300,117.89,124.653333333,947278076.0,144689061.0,1.15274190828,144689061.0,0.0,90844607.8333,83089659.3571,1.09333229353,52.2292756343
2008-06-03,129.0,127.46,7238200,118.33,124.93,904268326.0,43009750.0,1.04756303938,43009750.0,0.0,93916732.8333,73366964.2143,1.28009566484,56.1421910747
2008-06-04,128.5,126.45,6432300,118.06,124.336666667,799770741.0,104497585.0,1.13065942481,104497585.0,0.0,95191865.5952,73366964.2143,1.29747586826,56.4739715521
2008-06-05,129.04,127.2,6153300,118.92,125.053333333,769490676.0,30280065.0,1.0393507887,30280065.0,0.0,82850398.5714,73366964.2143,1.12926028027,53.0353330091
2008-06-06,128.14,124.74,7866700,115.65,122.843333333,966371650.333,-196880974.333,0.796267849677,0.0,196880974.333,75083174.0,87429890.9524,0.858781512617,46.2013155816
2008-06-09,126.18,124.06,5584000,116.5,122.246666667,682625386.667,283746263.667,1.41566907591,283746263.667,0.0,95125224.4762,87429890.9524,1.08801719229,52.107674032
2008-06-10,126.72,124.63,5384200,116.57,122.64,660318288.0,22307098.6667,1.03378234266,22307098.6667,0.0,96718588.6667,82668115.2143,1.16996242646,53.9162527513
2008-06-11,125.9,122.86,7207200,114.08,120.946666667,871686816.0,-211368528.0,0.757517810158,0.0,211368528.0,96718588.6667,86784563.2619,1.11446765452,52.7067724179
2008-06-12,125.09,123.13,6748600,114.64,120.953333333,816265665.333,55421150.6667,1.06789597189,55421150.6667,0.0,72124004.5238,86784563.2619,0.83106951067,45.3871087814
2008-06-13,126.57,124.15,6379600,116.77,122.496666667,781479734.667,34785930.6667,1.04451290177,34785930.6667,0.0,71670616.9762,86784563.2619,0.825845222726,45.2308450052
2008-06-16,127.14,124.65,6280200,117.29,123.026666667,772632072.0,8847662.66667,1.01145132721,8847662.66667,0.0,72302592.881,66047209.5476,1.09471078909,52.2607127815
2008-06-17,127.1,124.62,5277900,115.8,122.506666667,646577936.0,126054136.0,1.19495582664,126054136.0,0.0,81306459.7381,38977006.0238,2.08601090829,67.5957075422
2008-06-18,125.43,123.7,6614700,114.93,121.353333333,802715894.0,-156137958.0,0.805487895323,0.0,156137958.0,60974193.0952,50129717.3095,1.21632828525,54.88033038
2008-06-19,125.62,122.36,7570200,115.72,121.233333333,917760580.0,-115044686.0,0.874646298275,0.0,115044686.0,60974193.0952,48530867.5952,1.25640022766,55.6816212062
2008-06-20,125.02,122.5,9624900,113.61,120.376666667,1158613379.0,-240852799.0,0.79211978442,0.0,240852799.0,50639260.1667,65734638.9524,0.770358839323,43.51427644
2008-06-23,124.5,122.4,5852300,114.28,120.393333333,704577904.667,454035474.333,1.64440776716,454035474.333,0.0,79998240.4762,65734638.9524,1.21698759971,54.8937486104
2008-06-24,124.25,121.9,7552900,114.28,120.143333333,907430582.333,-202852677.667,0.776453778817,0.0,202852677.667,72534127.2619,80224115.9286,0.904143678274,47.4829546
2008-06-25,125.83,123.2,7131500,115.32,121.45,866120675.0,41309907.3333,1.04769532529,41309907.3333,0.0,73321973.1429,80224115.9286,0.913964239982,47.7524198671
2008-06-26,123.82,120.76,9710600,112.12,118.9,1154590340.0,-288469665.0,0.750154097946,0.0,288469665.0,73321973.1429,86766165.2619,0.845052595347,45.8010030434
2008-06-27,122.05,118.26,11660400,111.12,117.143333333,1365938124.0,-211347784.0,0.845272798023,0.0,211347784.0,53054382.881,101862435.548,0.520843455153,34.2470129577
2008-06-30,120.22,118.15,8439000,109.72,116.03,979177170.0,386760954.0,1.39498567353,386760954.0,0.0,79086801.119,101862435.548,0.776407914202,43.7066232364
2008-07-01,119.36,116.6,10069400,110.4,115.453333333,1162545794.67,-183368624.667,0.842269762182,0.0,183368624.667,79086801.119,99862442.4524,0.79195740838,44.1951022204
2008-07-02,120.55,118.12,8093200,110.24,116.303333333,941266137.333,221279657.333,1.23508723894,221279657.333,0.0,90933837.3095,99862442.4524,0.910590959688,47.6601731559
2008-07-03,120.78,117.89,6115200,110.65,116.44,712053888.0,229212249.333,1.32190295313,229212249.333,0.0,104821431.5,99862442.4524,1.04965819908,51.2113775628
2008-07-07,122.64,119.62,9131100,112.46,118.24,1079661264.0,-367607376.0,0.659516009088,0.0,367607376.0,104189455.595,126120112.167,0.826112931596,45.2388741847
2008-07-08,123.99,120.55,9813300,114.67,119.736666667,1175011831.0,-95350567.0,0.918851398357,0.0,95350567.0,95185588.7381,132930866.952,0.716053320951,41.7267524388
2008-07-09,124.5,120.4,9506700,111.45,118.783333333,1129237515.0,45774316.0,1.04053559627,45774316.0,0.0,98455182.7381,121778155.667,0.808479831207,44.7049404287
2008-07-10,123.54,120.66,10053600,114.02,119.406666667,1200466864.0,-71229349.0,0.940665293532,0.0,71229349.0,98455182.7381,118648488.738,0.829805619821,45.3493863409
2008-07-11,123.74,120.57,8841400,113.04,119.116666667,1053158096.67,147308767.333,1.13987336545,147308767.333,0.0,108977237.548,101444717.381,1.07425246342,51.7898607988
2008-07-14,124.25,121.24,8317400,112.5,119.33,992515342.0,60642754.6667,1.06110006778,60642754.6667,0.0,80877757.5714,101444717.381,0.797259430156,44.3597299744
2008-07-15,124.5,119.9,10710500,114.04,119.48,1279690540.0,-287175198.0,0.775590121968,0.0,287175198.0,80877757.5714,107467754.548,0.752576974478,42.9411652348
2008-07-16,126.89,122.25,9898800,116.57,121.903333333,1206696716.0,72993824.0,1.06049061295,72993824.0,0.0,83140894.4762,107467754.548,0.773635727537,43.6186368782
2008-07-17,126.96,124.0,12298200,117.11,122.69,1508866158.0,-302169442.0,0.799737411832,0.0,302169442.0,83140894.4762,108446310.048,0.766654895309,43.3958492598
2008-07-18,130.0,125.42,18317800,120.23,125.216666667,2293693856.67,-784827698.667,0.657832410204,0.0,784827698.667,83140894.4762,149409161.095,0.556464502355,35.7518273956
2008-07-21,129.9,127.64,7779600,119.09,125.543333333,976676916.0,1317016940.67,2.34846735813,1317016940.67,0.0,149587750.667,149409161.095,1.00119530536,50.0298647853
2008-07-22,130.0,127.26,11428600,120.33,125.863333333,1438441691.33,-461764775.333,0.678982625354,0.0,461764775.333,149587750.667,169294600.429,0.883594339619,46.910012471
2008-07-23,130.33,128.29,10230300,119.89,126.17,1290756951.0,147684740.333,1.11441715671,147684740.333,0.0,144330970.881,169294600.429,0.852543261956,46.0201539939
2008-07-24,130.93,128.8,8946300,120.33,126.686666667,1133376926.0,157380025.0,1.13885938684,157380025.0,0.0,139200097.714,169294600.429,0.822235897435,45.1223630592
2008-07-25,129.9,128.0,7565500,118.97,125.623333333,950403328.333,182973597.667,1.1925220506,182973597.667,0.0,152269640.405,143036930.714,1.06454773354,51.563241491
2008-07-28,128.44,126.13,6096800,116.86,123.81,754844808.0,195558520.333,1.2590711604,195558520.333,0.0,166238106.143,136226175.929,1.2203095698,54.961235424
2008-07-29,128.17,126.25,5979400,118.17,124.196666667,742621548.667,12223259.3333,1.01645960766,12223259.3333,0.0,163841602.095,136226175.929,1.20271747319,54.6015314188
2008-07-30,129.0,127.09,5826100,119.28,125.123333333,728981052.333,13640496.3333,1.0187117296,13640496.3333,0.0,164815923.262,131138365.286,1.25680934716,55.689655342
2008-07-31,129.5,127.74,5857300,118.46,125.233333333,733529203.333,-4548151.0,0.993799631999,0.0,4548151.0,154293868.452,131463233.214,1.17366555409,53.9947625282
2008-08-01,129.3,126.28,4939700,117.22,124.266666667,613840053.333,119689150.0,1.19498426235,119689150.0,0.0,158511468.119,131463233.214,1.20574752532,54.6638956399
2008-08-04,128.1,126.25,5994900,118.07,124.14,744206886.0,-130366832.667,0.824824474055,0.0,130366832.667,158511468.119,120262635.69,1.31804418895,56.8601839098
2008-08-05,128.9,127.08,6969900,119.29,125.09,871864791.0,-127657905.0,0.853580616722,0.0,127657905.0,153297623.548,129381057.476,1.1848536914,54.2303448539
2008-08-06,129.5,127.75,6253800,120.02,125.756666667,786457042.0,85407749.0,1.10859811082,85407749.0,0.0,159398177.048,107797525.905,1.47868121935,59.6559657533
2008-08-07,129.97,127.9,6633500,119.92,125.93,835356655.0,-48899613.0,0.941462592406,0.0,48899613.0,159398177.048,55231234.0714,2.88601512763,74.2666982202
2008-08-08,129.88,127.63,8561800,119.7,125.736666667,1076532192.67,-241175537.667,0.775969971628,0.0,241175537.667,65325538.4286,72458058.1905,0.901563470785,47.4116948835
2008-08-11,128.43,125.75,7490400,117.64,123.94,928360176.0,148172016.667,1.15960617495,148172016.667,0.0,75909253.9048,39474859.9524,1.92297715549,65.7883060044
2008-08-12,126.5,124.4,6996800,116.36,122.42,856548256.0,71811920.0,1.08383873237,71811920.0,0.0,70489766.7381,39474859.9524,1.78568756984,64.1022198316
2008-08-13,126.99,124.75,5857800,116.9,122.88,719806464.0,136741792.0,1.18997021955,136741792.0,0.0,69015607.2381,39474859.9524,1.74834330815,63.6144437621
2008-08-14,128.25,124.8,6813000,117.96,123.67,842563710.0,-122757246.0,0.854305087505,0.0,122757246.0,55946064.5476,48243234.6667,1.15966653012,53.6965551832
2008-08-15,127.19,125.35,5566200,117.42,123.32,686423784.0,156139926.0,1.2274687003,156139926.0,0.0,53130450.6667,48243234.6667,1.10130365498,52.4104953785
2008-08-18,127.0,123.68,5970000,115.77,122.15,729235500.0,-42811716.0,0.94129233149,0.0,42811716.0,52257360.7143,51301214.381,1.01863788889,50.4616451764
2008-08-19,124.79,122.01,9311600,113.89,120.23,1119533668.0,-390298168.0,0.651374336337,0.0,390298168.0,51283039.5476,79179654.9524,0.647679502752,39.3085852965
2008-08-20,123.97,122.01,6871600,113.84,119.94,824179704.0,295353964.0,1.35836112266,295353964.0,0.0,72379751.2619,78854787.0238,0.917886586138,47.8592734718
2008-08-21,123.43,121.55,6315000,114.29,119.756666667,756263350.0,67916354.0,1.08980516377,67916354.0,0.0,68681694.4048,78854787.0238,0.870989536552,46.5523467414
2008-08-22,125.35,122.8,5989200,116.09,121.413333333,727168736.0,29094614.0,1.04001081532,29094614.0,0.0,70759881.119,69542870.4048,1.01750015073,50.4337087837
2008-08-25,124.93,122.7,5827400,114.17,120.6,702784440.0,24384296.0,1.03469669306,24384296.0,0.0,72501616.5476,60424448.619,1.19987220744,54.5428140498
2008-08-26,122.85,121.5,6218200,113.83,119.393333333,742411625.333,-39627185.3333,0.946623700409,0.0,39627185.3333,66401063.0476,63254961.8571,1.04973682851,51.2132491308
2008-08-27,124.85,122.18,5843800,114.65,120.56,704528528.0,37883097.3333,1.05377084934,37883097.3333,0.0,69106998.5714,59762132.3571,1.15636768378,53.6257194205
2008-08-28,125.45,123.58,5448200,115.76,121.596666667,662482959.333,42045568.6667,1.06346664178,42045568.6667,0.0,72110253.4762,42535308.2381,1.69530341881,62.89842572
2008-08-29,123.99,121.63,7156000,113.12,119.58,855714480.0,-193231520.667,0.774186921943,0.0,193231520.667,61526538.0,56337559.7143,1.09210513043,52.2012548292
2008-09-02,124.0,117.9,11749800,110.03,117.31,1378369038.0,-522654558.0,0.620816672755,0.0,522654558.0,56397115.1429,93670028.1429,0.602082824795,37.5812545692
2008-09-03,118.65,115.15,11316600,109.97,114.59,1296769194.0,81599844.0,1.06292549544,81599844.0,0.0,52458404.5714,93670028.1429,0.560034043028,35.8988347422
2008-09-04,118.9,114.9,10133800,106.86,113.553333333,1150726769.33,146042424.667,1.12691320699,146042424.667,0.0,62890006.3333,84901653.4286,0.74073947672,42.5531497749
2008-09-05,115.09,113.17,8811400,106.24,111.5,982471100.0,168255669.333,1.17125762715,168255669.333,0.0,63755416.5714,84901653.4286,0.750932567233,42.8875778134
2008-09-08,118.28,115.14,10452800,108.99,114.136666667,1193047749.33,-210576649.333,0.823496880614,0.0,210576649.333,63755416.5714,96884862.9524,0.658053431967,39.6883127696
2008-09-09,118.1,115.0,8106300,106.9,113.333333333,918714000.0,274333749.333,1.29860625759,274333749.333,0.0,83350684.381,69006422.381,1.20786850709,54.7074476225
2008-09-10,119.95,116.1,11852200,109.69,115.246666667,1365926542.67,-447212542.667,0.672594002168,0.0,447212542.667,62253972.6667,100950175.429,0.616680183094,38.1448470478
2008-09-11,119.37,116.11,9737400,110.77,115.416666667,1123858250.0,242068292.667,1.21539041304,242068292.667,0.0,74693396.8571,100950175.429,0.739903586497,42.5255509696
2008-09-12,119.28,116.82,6635100,110.55,115.55,766685805.0,357172445.0,1.46586547275,357172445.0,0.0,98127527.6429,100950175.429,0.972039198805,49.2910688284
2008-09-15,118.41,115.19,9908300,107.04,113.546666667,1125054437.33,-358368632.333,0.681465518075,0.0,358368632.333,96385792.2143,126547934.881,0.761654406332,43.2351773194
2008-09-16,117.64,113.32,13673200,107.84,112.933333333,1544160053.33,-419105616.0,0.728586673969,0.0,419105616.0,96385792.2143,153653537.071,0.627293025929,38.5482525848
2008-09-17,115.5,110.61,12298000,103.58,109.896666667,1351509206.67,192650846.667,1.14254497544,192650846.667,0.0,107440631.452,153653537.071,0.699239558686,41.1501459645
2008-09-18,118.59,111.04,15995000,106.97,112.2,1794639000.0,-443129793.333,0.753081375512,0.0,443129793.333,104437376.548,185305665.167,0.563595162909,36.0448264537
2008-09-19,124.0,117.5,14432600,110.44,117.313333333,1693136414.67,101502585.333,1.05994944321,101502585.333,0.0,111687561.214,171503413.69,0.651226461392,39.4389550203
2008-09-22,120.14,116.02,8844000,107.99,114.716666667,1014554200.0,678582214.667,1.66884767188,678582214.667,0.0,160157719.405,134170945.262,1.19368406544,54.4145843172
2008-09-23,118.17,114.14,8012800,107.2,113.17,906808576.0,107745624.0,1.1188184881,107745624.0,0.0,162025275.119,134170945.262,1.20760329148,54.7020062952
2008-09-24,118.17,114.26,6574100,108.22,113.55,746489055.0,160319521.0,1.21476473088,160319521.0,0.0,163045067.714,134170945.262,1.21520398769,54.8574304869
2008-09-25,121.99,116.12,6539200,111.61,116.573333333,762296341.333,-15807286.3333,0.979263594122,0.0,15807286.3333,151026805.619,135300037.143,1.11623624655,52.7462965617
2008-09-26,121.01,117.01,4760500,110.97,116.33,553788965.0,208507376.333,1.3765105293,208507376.333,0.0,165920189.643,120258847.905,1.37969216015,57.9777579325
2008-09-29,118.43,109.95,9586700,106.36,111.58,1069683986.0,-515895021.0,0.517712681734,0.0,515895021.0,146324921.833,157108492.262,0.931362269007,48.2230746636
2008-09-30,116.96,111.81,18991900,108.68,112.483333333,2136272218.33,-1066588232.33,0.500724569098,0.0,1066588232.33,146324921.833,201349612.952,0.726720651149,42.086752751
2008-10-01,116.8,107.75,13134400,102.34,108.963333333,1431168005.33,705104213.0,1.49267745672,705104213.0,0.0,179398916.143,201349612.952,0.890982175294,47.1174285477
2008-10-02,109.97,103.04,11458200,97.33,103.446666667,1185312596.0,245855409.333,1.20741820357,245855409.333,0.0,171447699.31,201349612.952,0.851492569544,45.9895212949
2008-10-03,110.95,103.03,9637900,96.12,103.366666667,996237596.667,189074999.333,1.18978906233,189074999.333,0.0,184953056.405,175751853.5,1.0523533762,51.2754474159
2008-10-06,103.0,96.6,11521400,93.5,97.7,1125640780.0,-129403183.333,0.885040427077,0.0,129403183.333,184953056.405,155058822.595,1.19279285957,54.3960572639
2008-10-07,102.62,94.24,11416100,88.88,95.2466666667,1087345471.33,38295308.6667,1.0352190814,38295308.6667,0.0,173927660.833,155058822.595,1.12168825948,52.8677224124
2008-10-08,97.48,89.98,17980400,84.14,90.5333333333,1627825546.67,-540480075.333,0.667974202494,0.0,540480075.333,173927660.833,162012414.167,1.07354526953,51.7734184686
2008-10-09,95.31,88.23,21293600,82.7,88.7466666667,1889736021.33,-261910474.667,0.861403671354,0.0,261910474.667,166677476.167,180720305.214,0.922295233892,47.9788545293
2008-10-10,91.66,83.51,24637400,81.54,85.57,2108222318.0,-218486296.667,0.896364678999,0.0,218486296.667,118207317.976,196326469.262,0.602095674723,37.5817552112
2008-10-13,93.61,86.95,17101600,85.68,88.7466666667,1517709994.67,590512323.333,1.38908113237,590512323.333,0.0,152690653.643,196326469.262,0.777738499637,43.7487571876
2008-10-14,99.0,92.0,15114200,86.98,92.66,1400481772.0,117228222.667,1.08370563974,117228222.667,0.0,149612703.762,196326469.262,0.762060787444,43.2482688948
2008-10-15,95.29,87.71,11330800,82.04,88.3466666667,1001038410.67,399443361.333,1.39902900536,399443361.333,0.0,178144372.429,195197377.381,0.912637120533,47.7161668952
2008-10-16,92.0,84.35,16271300,85.04,87.13,1417718369.0,-416679958.333,0.706091162078,0.0,416679958.333,163250988.405,224960231.548,0.725688212897,42.0521046313
2008-10-17,95.91,87.71,15230700,84.36,89.3266666667,1360507662.0,57210707.0,1.04205099949,57210707.0,0.0,167337467.476,188110587.19,0.889569640792,47.0778965532
2008-10-20,93.31,89.33,9747100,85.96,89.5333333333,872690353.333,487817308.667,1.55898097968,487817308.667,0.0,202181560.952,111925713.452,1.80639063818,64.3670419081
2008-10-21,92.46,88.57,9716400,82.57,87.8666666667,853747680.0,18942673.3333,1.02218767181,18942673.3333,0.0,153170022.405,111925713.452,1.36849717264,57.7791347377
2008-10-22,87.59,80.8,14198100,77.68,82.0233333333,1164575489.0,-310827809.0,0.733097757993,0.0,310827809.0,135608921.738,134127699.81,1.01104337084,50.2745681918
2008-10-23,85.89,81.0,12358000,78.38,81.7566666667,1010348886.67,154226602.333,1.1526468771,154226602.333,0.0,133119750.524,134127699.81,0.992485151932,49.8114202241
2008-10-24,84.31,78.82,12287300,76.26,79.7966666667,980485582.333,29863304.3333,1.03045766799,29863304.3333,0.0,135252843.69,124884615.286,1.08302246342,51.9928364884
2008-10-27,84.5,79.01,11099100,74.02,79.1766666667,878789741.0,101695841.333,1.11572260871,101695841.333,0.0,139781453.167,124884615.286,1.1192848122,52.8142704443
2008-10-28,87.61,79.52,14205900,81.1,82.7433333333,1175443519.0,-296653778.0,0.747623962185,0.0,296653778.0,139781453.167,107468451.19,1.30067430598,56.5344821993
2008-10-29,91.0,86.25,12692000,81.96,86.4033333333,1096631106.67,78812412.3333,1.07186775193,78812412.3333,0.0,145410911.19,88760560.1429,1.63823787228,62.0959121803
2008-10-30,92.4,88.9,12033800,84.27,88.5233333333,1065272088.67,31359018.0,1.02943756655,31359018.0,0.0,147650841.048,73154396.0952,2.01834543006,66.8692658554
2008-10-31,94.19,89.03,10506300,86.39,89.87,944201181.0,121070907.667,1.12822575326,121070907.667,0.0,114119311.357,73154396.0952,1.55997885908,60.9371774125
2008-11-03,94.67,92.17,7686300,86.12,90.9866666667,699350816.0,244850365.0,1.35011093059,244850365.0,0.0,123235178.667,73154396.0952,1.68459019888,62.7503668747
2008-11-04,94.76,92.07,10173000,86.79,91.2066666667,927845420.0,-228494604.0,0.753736345436,0.0,228494604.0,94703510.0,89475439.2381,1.05843023299,51.4192910709
2008-11-05,93.4,89.7,8706200,83.58,88.8933333333,773923138.667,153922281.333,1.19888574671,153922281.333,0.0,105697958.667,59712585.0714,1.77011192097,63.9003755613
2008-11-06,88.83,84.28,12522000,79.57,84.2266666667,1054686320.0,-280763181.333,0.733794611716,0.0,280763181.333,101611479.595,79767098.0238,1.27385202812,56.0217644934
2008-11-07,86.71,84.25,7927800,80.61,83.8566666667,664798882.0,389887438.0,1.58647426847,389887438.0,0.0,94616488.8333,79767098.0238,1.18615934611,54.2576801742
2008-11-10,88.1,82.74,9685100,78.37,83.07,804541257.0,-139742375.0,0.826308006228,0.0,139742375.0,93263440.7381,89748696.2381,1.0391620675,50.960249019
2008-11-11,84.29,80.25,10013600,77.31,80.6166666667,807263053.333,-2721796.33333,0.996628365039,0.0,2721796.33333,93263440.7381,67741123.9048,1.37676252418,57.9259606366
2008-11-12,82.4,79.57,11368400,74.51,78.8266666667,896133077.333,-88870024.0,0.900829434547,0.0,88870024.0,82247254.8571,74088982.7619,1.11011451084,52.609206995
2008-11-13,84.39,75.4,15103600,78.69,79.4933333333,1200635509.33,-304502432.0,0.74638228702,0.0,304502432.0,80114161.6905,95839156.4762,0.835923067733,45.5314867177
2008-11-14,85.4,79.5,12023700,75.06,79.9866666667,961735684.0,238899825.333,1.24840486769,238899825.333,0.0,89914446.2619,95839156.4762,0.938180693235,48.405223337
2008-11-17,79.74,77.16,10315300,72.4,76.4333333333,788432763.333,173302920.667,1.21980684812,173302920.667,0.0,102293226.31,74649600.9048,1.37031176416,57.8114569095
2008-11-18,80.93,77.0,13050600,74.83,77.5866666667,1012552552.0,-224119788.667,0.778658610633,0.0,224119788.667,96663768.2857,90658157.2381,1.06624457446,51.6030187152
2008-11-19,81.0,75.73,12606400,70.99,75.9066666667,956909802.667,55642749.3333,1.05814837425,55642749.3333,0.0,98398320.5238,90658157.2381,1.08537746102,52.0470505368
2008-11-20,78.39,70.51,17634700,67.04,71.98,1269345706.0,-312435903.333,0.753860668645,0.0,312435903.333,89750398.5476,112975007.476,0.794427020211,44.2719046951
2008-11-21,76.98,69.5,19804500,69.97,72.15,1428894675.0,-159548969.0,0.888340987064,0.0,159548969.0,72261086.7619,124371362.405,0.581010655224,36.7493193866
2008-11-24,82.09,75.0,15023200,74.65,77.2466666667,1160492122.67,268402552.333,1.23128339012,268402552.333,0.0,91432697.6429,108050319.262,0.846204789282,45.8348279776
2008-11-25,82.4,78.22,12519700,75.36,78.66,984799602.0,175692520.667,1.1784043376,175692520.667,0.0,92987714.7381,108050319.262,0.860596390398,46.2537923237
2008-11-26,81.79,78.61,8240600,76.32,78.9066666667,650238277.333,334561324.667,1.51452111684,334561324.667,0.0,116884952.214,87995806.3095,1.32830139431,57.0502340271
2008-11-28,81.9,80.1,3908300,76.25,79.4166666667,310384158.333,339854119.0,2.09494672932,339854119.0,0.0,113311143.714,87995806.3095,1.28768799863,56.2877455055
2008-12-01,81.36,76.79,10265000,71.86,76.67,787017550.0,-476633391.667,0.394380224854,0.0,476633391.667,113311143.714,112059450.357,1.01116990449,50.2776966894
2008-12-02,80.0,76.14,9305200,74.61,76.9166666667,715724966.667,71292583.3333,1.09960890936,71292583.3333,0.0,118403471.095,111865036.333,1.05844931514,51.4197414216
2008-12-03,81.0,76.99,9757800,75.38,77.79,759059262.0,-43334295.3333,0.942910524247,0.0,43334295.3333,118403471.095,108612484.286,1.09014605341,52.1564534513
2008-12-04,80.83,76.18,10914000,72.36,76.4566666667,834448060.0,-75388798.0,0.909654295319,0.0,75388798.0,118403471.095,92247224.7143,1.28354507642,56.2084405372
2008-12-05,81.5,75.31,11212000,75.31,77.3733333333,867509813.333,-33061753.3333,0.9618888999,0.0,33061753.3333,101339197.857,94608778.5238,1.07113948027,51.7173995511
2008-12-08,85.88,81.73,11177600,79.3,82.3033333333,919953738.667,-52443925.3333,0.942992866783,0.0,52443925.3333,88960417.8095,98354773.1905,0.904485007934,47.4923669216
2008-12-09,85.43,82.2,9356400,77.27,81.6333333333,763794120.0,156159618.667,1.20445250176,156159618.667,0.0,100114676.286,82346216.8571,1.21577748325,54.8691144504
2008-12-10,84.99,81.83,8187000,77.43,81.4166666667,666558250.0,97235870.0,1.14587752833,97235870.0,0.0,103085613.476,82346216.8571,1.25185609504,55.5921889413
2008-12-11,82.86,79.77,10682400,75.3,79.31,847221144.0,-180662894.0,0.786758279961,0.0,180662894.0,103085613.476,72933859.0476,1.41341230016,58.5648917123
2008-12-12,82.94,78.06,10381700,76.81,79.27,822957359.0,24263785.0,1.02948364789,24263785.0,0.0,104818740.976,61537504.119,1.7033310414,63.0085999574
2008-12-15,83.54,80.0,8848200,77.34,80.2933333333,710451472.0,112505887.0,1.15835829952,112505887.0,0.0,93683264.881,61537504.119,1.52237673955,60.3548516635
2008-12-16,86.84,82.87,11559800,80.73,83.48,965012104.0,-254560632.0,0.736209907684,0.0,254560632.0,81133799.119,79720406.4048,1.01772937166,50.4393396833
2008-12-17,87.27,84.66,8592000,80.21,84.0466666667,722128960.0,242883144.0,1.33634317062,242883144.0,0.0,74585357.6429,79720406.4048,0.935586771399,48.3360800572
2008-12-18,86.64,82.96,8029500,78.49,82.6966666667,664012885.0,58116075.0,1.08752251095,58116075.0,0.0,54461211.6429,79720406.4048,0.683152709563,40.5876843902
2008-12-19,85.22,82.97,13098600,78.04,82.0766666667,1075089426.0,-411076541.0,0.617635025461,0.0,411076541.0,54461211.6429,75037774.2143,0.725783942996,42.05531903
2008-12-22,83.45,80.32,7083300,76.61,80.1266666667,567561218.0,507528208.0,1.89422637048,507528208.0,0.0,85620899.119,75037774.2143,1.14103729776,53.2936674644
2008-12-23,82.81,80.13,6374400,75.32,79.42,506254848.0,61306370.0,1.1210978428,61306370.0,0.0,89999925.5476,71942467.4048,1.25099859366,55.5752721118
2008-12-24,81.22,79.92,2415200,75.24,78.7933333333,190301658.667,315953189.333,2.6602755412,315953189.333,0.0,112568010.5,66557553.2619,1.69128829086,62.843073951
2008-12-26,81.8,80.55,3101300,76.0,79.45,246398285.0,-56096626.3333,0.77233353579,0.0,56096626.3333,112568010.5,68202901.3333,1.65048712444,62.2710862928
2008-12-29,81.72,79.68,6062600,75.92,79.1066666667,479592077.333,-233193792.333,0.513766379065,0.0,233193792.333,112568010.5,81113606.119,1.38778209829,58.1201316186
2008-12-30,83.64,81.52,5774400,78.07,81.0766666667,468169104.0,11422973.3333,1.02439924642,11422973.3333,0.0,102229678.69,81113606.119,1.26032713353,55.7586163009
2008-12-31,85.0,83.5,6667700,78.64,82.38,549285126.0,-81116022.0,0.85232437916,0.0,81116022.0,95284259.4048,86907607.6905,1.09638571279,52.2988544571
2009-01-02,87.59,83.89,7558200,81.64,84.3733333333,637710528.0,-88425402.0,0.861339278376,0.0,88425402.0,95284259.4048,80319215.4048,1.18631959892,54.2610329939
2009-01-05,87.67,86.18,8315700,81.13,84.9933333333,706779062.0,-69068534.0,0.902277051326,0.0,69068534.0,93551131.9048,85252682.119,1.09733945701,52.3205460776
2009-01-06,90.41,86.37,9649500,83.38,86.72,836804640.0,-130025578.0,0.844616566658,0.0,130025578.0,85514997.119,94540223.4048,0.904535593838,47.493761564
2009-01-07,88.8,87.12,8455100,82.03,85.9833333333,726997681.667,109806958.333,1.15104168982,109806958.333,0.0,93358351.2857,76357321.119,1.22265095105,55.0086800841
2009-01-08,88.14,85.98,7231800,81.46,85.1933333333,616101148.0,110896533.667,1.17999728458,110896533.667,0.0,83930736.2619,76357321.119,1.09918387696,52.3624389947
2009-01-09,87.5,84.25,7440300,79.15,83.6333333333,622257090.0,-6155942.0,0.99010707616,0.0,6155942.0,79779588.0476,76797031.2619,1.03883687607,50.9524272522
2009-01-12,86.6,84.42,8072700,80.09,83.7033333333,675711899.0,-53454809.0,0.920891123748,0.0,53454809.0,79779588.0476,51252621.8333,1.55659525686,60.8854785553
2009-01-13,86.59,84.79,7657200,79.74,83.7066666667,640958688.0,34753211.0,1.05422067233,34753211.0,0.0,46009945.4048,51252621.8333,0.897709107534,47.3048848198
2009-01-14,84.82,82.11,9470000,77.74,81.5566666667,772341633.333,-131382945.333,0.829890116416,0.0,131382945.333,41630918.9762,60637117.9286,0.686558339155,40.7076543524
2009-01-15,84.83,82.26,11734800,78.6,81.8966666667,961041004.0,-188699370.667,0.803651072242,0.0,188699370.667,19062834.0238,74115644.4048,0.257203916621,20.4584087928
2009-01-16,85.74,83.08,11245300,79.35,82.7233333333,930248700.333,30792303.6667,1.03310115204,30792303.6667,0.0,21262284.2857,70108742.5238,0.303275790155,23.2702696119
2009-01-20,84.92,81.76,13800100,76.6,81.0933333333,1119096109.33,-188847409.0,0.831250053123,0.0,188847409.0,21262284.2857,66941143.7143,0.317626546335,24.1059613757
2009-01-21,91.6,86.0,24905000,85.43,87.6766666667,2183587383.33,-1064491274.0,0.512503469234,0.0,1064491274.0,20446357.619,142976234.714,0.143005287976,12.5113408906
2009-01-22,90.74,88.11,12350700,84.16,87.67,1082785869.0,1100801514.33,2.01663823462,1100801514.33,0.0,99075037.2143,137182233.143,0.722214786452,41.9352331738
2009-01-23,90.7,87.81,10253700,83.62,87.3766666667,895934127.0,186851742.0,1.20855522339,186851742.0,0.0,112421590.214,130866133.0,0.859057936818,46.2093149334
2009-01-26,92.67,89.52,9840800,85.59,89.26,878389808.0,17544319.0,1.0199732725,17544319.0,0.0,113674755.857,125932666.286,0.902662980225,47.4420845734
2009-01-27,91.97,90.5,8720800,85.65,89.3733333333,779406965.333,98982842.6667,1.12699763675,98982842.6667,0.0,120744958.905,116645125.0,1.03514792328,50.8635225695
2009-01-28,94.94,91.91,13407200,88.6,91.8166666667,1231004413.33,-451597448.0,0.633147173878,0.0,451597448.0,112901604.738,148902085.571,0.758227155146,43.1245276201
2009-01-29,94.58,92.02,9233500,86.44,91.0133333333,840371613.333,390632800.0,1.4648334068,390632800.0,0.0,132882766.619,148902085.571,0.892417094825,47.1575265974
2009-01-30,93.48,91.25,9617000,85.64,90.1233333333,866716096.667,-26344483.3333,0.969604252841,0.0,26344483.3333,132882766.619,150344124.238,0.8838573991,46.9174258902
2009-02-02,91.86,89.69,9926400,84.97,88.84,881861376.0,-15145279.3333,0.982825782209,0.0,15145279.3333,132882766.619,147607729.262,0.900242604391,47.3751405379
2009-02-03,93.73,90.16,8864500,87.35,90.4133333333,801468993.333,80392382.6667,1.10030629174,80392382.6667,0.0,136142707.452,147607729.262,0.922327767883,47.9797349491
2009-02-04,94.91,91.82,10189800,86.74,91.1566666667,928868202.0,-127399208.667,0.862844687338,0.0,127399208.667,136142707.452,147323176.643,0.92410923084,48.0278986259
2009-02-05,93.2,91.22,11622900,86.35,90.2566666667,1049044211.0,-120176009.0,0.88544237913,0.0,120176009.0,136142707.452,142428650.81,0.955866019081,48.8717534716
2009-02-06,97.1,91.65,13055900,90.33,93.0266666667,1214546857.33,-165502646.333,0.86373300846,0.0,165502646.333,133943257.19,154250268.405,0.868350237414,46.4768446529
2009-02-09,96.98,94.72,8165800,90.96,94.22,769381676.0,445165181.333,1.57860122644,445165181.333,0.0,165740770.143,140761167.762,1.17746089194,54.0749501539
2009-02-10,96.82,92.96,13541300,87.63,92.47,1252164011.0,-482782335.0,0.614441614071,0.0,482782335.0,165740770.143,99210529.2619,1.67059657252,62.5551829771
2009-02-11,95.77,93.0,10765700,89.4,92.7233333333,998231589.667,253932421.333,1.25438227357,253932421.333,0.0,105250120.643,99210529.2619,1.06087651609,51.4769569068
2009-02-12,95.2,92.2,9917700,89.32,92.24,914808648.0,83422941.6667,1.09119168457,83422941.6667,0.0,97862349.1905,99210529.2619,0.986410917455,49.6579488558
2009-02-13,95.18,93.57,6742400,88.16,92.3033333333,622345994.667,292462653.333,1.46993578466,292462653.333,0.0,117499373.071,99210529.2619,1.18434377828,54.2196603876
2009-02-17,92.49,90.5,8903500,85.19,89.3933333333,795913543.333,-173567548.667,0.781926629946,0.0,173567548.667,110429170.024,111608211.31,0.989435891214,49.7344948678
2009-02-18,92.25,90.44,8492600,85.98,89.5566666667,760568947.333,35344596.0,1.04647125829,35344596.0,0.0,112953784.024,79351250.7381,1.42346570436,58.7367793899
2009-02-19,92.16,88.45,12622700,83.55,88.0533333333,1111470810.67,-350901863.333,0.684290527501,0.0,350901863.333,85051441.1667,104415669.548,0.814546720192,44.8898179985
2009-02-20,89.9,87.34,12400700,83.42,86.8866666667,1077455487.33,34015323.3333,1.03157004975,34015323.3333,0.0,87481107.119,102533920.738,0.853191865573,46.0390465457
2009-02-23,89.33,84.19,13509600,79.27,84.2633333333,1138363928.0,-60908440.6667,0.946494755176,0.0,60908440.6667,87481107.119,105802717.976,0.826832323332,45.2604386714
2009-02-24,87.08,84.1,12915300,81.17,84.1166666667,1086391985.0,51971943.0,1.0478390339,51971943.0,0.0,85451075.7143,105802717.976,0.807645373851,44.6794147532
2009-02-25,87.12,82.85,12646400,80.7,83.5566666667,1056691029.33,29700955.6667,1.02810751189,29700955.6667,0.0,87572572.5476,96702774.5,0.905584901782,47.5226740585
2009-02-26,90.2,86.33,17423200,83.59,86.7066666667,1510707594.67,-454016565.333,0.699467609128,0.0,454016565.333,87572572.5476,120548528.524,0.726450779781,42.077700001
2009-02-27,93.28,88.01,21311200,86.46,89.25,1902024600.0,-391317005.333,0.794262910515,0.0,391317005.333,87572572.5476,136678125.595,0.640721199287,39.051192827
2009-03-02,91.9,88.75,15231700,83.66,88.1033333333,1341963542.33,560061057.667,1.41734446578,560061057.667,0.0,95779420.8571,136678125.595,0.70076627434,41.2029733252
2009-03-03,90.18,87.19,13744100,82.46,86.61,1190376501.0,151587041.333,1.12734377838,151587041.333,0.0,106607066.667,102193673.095,1.04318656369,51.0568433753
2009-03-04,91.24,87.6,15391700,84.08,87.64,1348928588.0,-158552087.0,0.882460725934,0.0,158552087.0,88469036.5714,113518822.167,0.779333637214,43.7991853194
2009-03-05,90.16,87.02,14930100,82.19,86.4566666667,1290806679.0,58121909.0,1.0450275862,58121909.0,0.0,86661819.9524,113518822.167,0.763413663905,43.2918083562
2009-03-06,88.25,83.81,15186000,80.62,84.2266666667,1279066160.0,11740519.0,1.00917897711,11740519.0,0.0,66610238.9286,113518822.167,0.58677704417,36.9791740009
2009-03-09,86.8,83.02,13151800,78.43,82.75,1088311450.0,190754710.0,1.1752758459,190754710.0,0.0,80235575.3571,101121140.119,0.79345995568,44.2418551452
2009-03-10,87.25,83.64,15914800,81.97,84.2866666667,1341405442.67,-253093992.667,0.811321778922,0.0,253093992.667,77710961.3571,119199282.452,0.651941519767,39.4651694364
2009-03-11,89.54,86.72,11823900,83.26,86.5066666667,1022846176.0,318559266.667,1.31144396307,318559266.667,0.0,100465194.69,94134863.6429,1.06724746606,51.6264977261
2009-03-12,90.6,87.49,11829200,84.93,87.6733333333,1037105394.67,-14259218.6667,0.986250945429,0.0,14259218.6667,98035528.7381,95153379.2619,1.03028951256,50.7459407235
2009-03-13,90.65,89.29,9111900,84.89,88.2766666667,804368159.0,232737235.667,1.2893416815,232737235.667,0.0,114659617.0,90802776.3571,1.26273250224,55.8056465354
2009-03-16,93.0,90.54,11793700,85.7,89.7466666667,1058445262.67,-254077103.667,0.759952533562,0.0,254077103.667,110947335.357,108951140.905,1.01832192335,50.4538900147
2009-03-17,92.91,90.45,11489700,87.29,90.2166666667,1036562435.0,21882827.6667,1.02111095958,21882827.6667,0.0,110388897.643,108951140.905,1.01319634403,50.3277460758
2009-03-18,92.9,89.41,17954300,86.39,89.5666666667,1608106803.33,-571544368.333,0.644585566612,0.0,571544368.333,110388897.643,117345983.976,0.940713042768,48.4725470504
2009-03-19,93.35,91.51,9899300,87.06,90.64,897272552.0,710834251.333,1.7922166456,710834251.333,0.0,161162772.738,89394769.3095,1.8028210597,64.321660973
2009-03-20,95.0,92.18,12193900,86.91,91.3633333333,1114075350.33,-216802798.333,0.805396647302,0.0,216802798.333,121158411.476,104880683.476,1.1552023448,53.6006443937
2009-03-23,98.71,93.7,12407200,92.74,95.05,1179304360.0,-65229009.6667,0.944688570755,0.0,65229009.6667,110330765.667,109539898.452,1.00721990093,50.1798482798
2009-03-24,99.55,97.52,9346700,92.35,96.4733333333,901707304.667,277597055.333,1.30785716595,277597055.333,0.0,130159126.762,98214749.381,1.32525030693,56.9938773034
2009-03-25,99.86,96.09,12017000,92.03,95.9933333333,1153551886.67,-251844582.0,0.78167901686,0.0,251844582.0,126007561.833,116203648.095,1.08436838171,52.0238356724
2009-03-26,99.2,97.75,11434600,92.81,96.5866666667,1104429898.67,49121988.0,1.04447723487,49121988.0,0.0,128677666.762,116203648.095,1.1073461881,52.546951913
2009-03-27,96.0,92.75,15745200,88.46,92.4033333333,1454908964.0,-350479065.333,0.759105845104,0.0,350479065.333,115052330.333,141237867.048,0.814599743952,44.8914283531
2009-03-30,94.74,91.8,10964000,88.8,91.78,1006275920.0,448633044.0,1.44583501909,448633044.0,0.0,147097547.762,123159724.714,1.19436405126,54.4287102486
2009-03-31,98.66,94.85,14553700,91.03,94.8466666667,1380369932.67,-374094012.667,0.728990030996,0.0,374094012.667,124343314.429,149880725.619,0.82961510838,45.3436957631
2009-04-01,98.0,95.7,12212900,91.71,95.1366666667,1161894596.33,218475336.333,1.18803369688,218475336.333,0.0,139948695.595,148862210.0,0.940122382942,48.4568597944
2009-04-02,101.99,98.38,16219000,94.72,98.3633333333,1595354903.33,-433460307.0,0.728298508317,0.0,433460307.0,123324607.333,179823660.5,0.685808569297,40.6812838532
2009-04-03,102.66,99.71,10962900,96.04,99.47,1090479663.0,504875240.333,1.46298455392,504875240.333,0.0,159387124.5,161675295.952,0.985847117589,49.6436562944
2009-04-06,101.85,100.0,8819800,95.42,99.09,873953982.0,216525681.0,1.24775409857,216525681.0,0.0,173290185.452,161675295.952,1.07184084267,51.733744243
2009-04-07,100.5,98.52,8768400,92.78,97.2666666667,852873040.0,21080942.0,1.02471756171,21080942.0,0.0,174795967.024,120850698.214,1.44637945504,59.1232669183
2009-04-08,101.55,99.0,7285200,95.07,98.54,717883608.0,134989432.0,1.18803804753,134989432.0,0.0,133664194.214,120850698.214,1.10602748837,52.5172389477
2009-04-09,102.45,100.25,8013700,95.55,99.4166666667,796695341.667,-78811733.6667,0.901076698275,0.0,78811733.6667,133664194.214,110994193.595,1.20424492385,54.6329906818
2009-04-13,101.65,99.04,7797200,93.9,98.1966666667,765659049.333,31036292.3333,1.04053539544,31036292.3333,0.0,135881072.238,106334978.619,1.27785865011,56.0991196732
2009-04-14,99.95,98.27,6276700,93.27,97.1633333333,609865094.333,155793955.0,1.25545642216,155793955.0,0.0,127180850.786,106334978.619,1.19603965165,54.463481602
2009-04-15,99.06,96.44,8164200,92.87,96.1233333333,784770118.0,-174905023.667,0.777125785431,0.0,174905023.667,127180850.786,100839295.881,1.26122311421,55.7761463822
2009-04-16,101.92,99.18,9259500,95.3,98.8,914838600.0,-130068482.0,0.857823574563,0.0,130068482.0,123672137.357,110129901.738,1.12296601927,52.8960901435
2009-04-17,102.04,99.69,10214200,95.14,98.9566666667,1010763184.67,-95924584.6667,0.905096875191,0.0,95924584.6667,123672137.357,91947438.8333,1.34503080158,57.3566368797
2009-04-20,101.19,99.21,12524700,94.36,98.2533333333,1230593524.0,-219830339.333,0.821362346668,0.0,219830339.333,91626919.9286,107649605.929,0.85115889778,45.9797858952
2009-04-21,102.48,98.2,15226700,96.12,98.9333333333,1506428186.67,-275834662.667,0.816894914004,0.0,275834662.667,91626919.9286,100631080.929,0.910523061892,47.6583130585
2009-04-22,103.86,101.06,12120000,96.35,100.423333333,1217130800.0,289297386.667,1.23768800088,289297386.667,0.0,96685637.8095,100631080.929,0.96079299673,49.0002258439
2009-04-23,102.78,99.8,9440400,95.29,99.29,937337316.0,279793484.0,1.2984981812,279793484.0,0.0,116670886.667,69669630.4286,1.6746304803,62.6116576713
2009-04-24,101.58,99.5,10157500,94.03,98.37,999193275.0,-61855959.0,0.938094099963,0.0,61855959.0,80608369.5,74087913.2143,1.08800971714,52.1075025758
2009-04-27,101.69,99.29,8611400,93.9,98.2933333333,846443210.667,152750064.333,1.1804610899,152750064.333,0.0,76052968.3095,74087913.2143,1.02652328848,50.6544037424
2009-04-28,102.73,99.25,11110500,95.77,99.25,1102717125.0,-256273914.333,0.76759777415,0.0,256273914.333,74547186.7381,92393192.8095,0.806847176412,44.6549761898
2009-04-29,105.0,101.67,9783700,97.75,101.473333333,992784651.333,109932473.667,1.11073143961,109932473.667,0.0,72757404.0,92393192.8095,0.787475806253,44.055186845
2009-04-30,106.05,102.85,10654500,96.97,101.956666667,1086297305.0,-93512653.6667,0.913916150545,0.0,93512653.6667,72757404.0,93443258.5238,0.778626571348,43.7768435427
2009-05-01,104.86,102.94,6234200,98.28,102.026666667,636054645.333,450242659.667,1.70786788992,450242659.667,0.0,102700715.952,93443258.5238,1.09907036179,52.3598628133
2009-05-04,106.75,104.61,8313900,99.77,103.71,862234569.0,-226179923.667,0.737681679906,0.0,226179923.667,91572576.3095,109598967.357,0.835524079448,45.5196468847
2009-05-05,106.82,105.51,6750000,99.45,103.926666667,701505000.0,160729569.0,1.22912105972,160729569.0,0.0,103053259.81,97105751.381,1.06124774634,51.4856958958
2009-05-06,105.5,103.71,7530900,98.81,102.673333333,773222606.0,-71717606.0,0.907248436034,0.0,71717606.0,103053259.81,92937831.6667,1.10884080209,52.5805836548
2009-05-07,104.8,101.83,8521400,96.89,101.173333333,862138442.667,-88915836.6667,0.896865941401,0.0,88915836.6667,103053259.81,92437206.8095,1.11484610328,52.7152354751
2009-05-08,103.75,99.83,11575500,95.85,99.81,1155350655.0,-293212212.333,0.746213661572,0.0,293212212.333,103053259.81,97678769.1667,1.05502209629,51.3387227415
2009-05-11,103.88,100.95,8253000,97.18,100.67,830829510.0,324521145.0,1.39059896296,324521145.0,0.0,126233341.595,77976293.2619,1.61886820102,61.8155659911
2009-05-12,104.38,102.37,7961600,98.16,101.636666667,809190485.333,21639024.6667,1.02674157082,21639024.6667,0.0,107114887.167,77976293.2619,1.37368529185,57.8714160873
2009-05-13,103.1,101.35,8202100,96.58,100.343333333,823026054.333,-13835569.0,0.983189391238,0.0,13835569.0,87129638.3095,78964548.1905,1.1034019735,52.4579698697
2009-05-14,102.71,100.77,9445100,95.43,99.6366666667,941078280.333,-118052226.0,0.874556422705,0.0,118052226.0,87129638.3095,82978567.2619,1.05002582214,51.2201266346
2009-05-15,103.07,100.57,8367400,95.74,99.7933333333,835010737.333,106067543.0,1.12702536418,106067543.0,0.0,83795172.5,82978567.2619,1.00984115857,50.2448242869
2009-05-18,104.71,101.94,7429500,98.77,101.806666667,756372630.0,78638107.3333,1.10396741528,78638107.3333,0.0,89412180.1667,64673287.6667,1.38252102827,58.0276527202
2009-05-19,106.12,104.0,7079200,99.65,103.256666667,730974594.667,25398035.3333,1.03474544193,25398035.3333,0.0,83374006.0,64673287.6667,1.2891567602,56.315792025
2009-05-20,105.98,103.81,7083100,98.27,102.686666667,727339928.667,3634666.0,1.004997204,3634666.0,0.0,83633625.0,57993812.4048,1.44211290019,59.0518521923
2009-05-21,103.25,101.74,7411500,97.11,100.7,746338050.0,-18998121.3333,0.974544884408,0.0,18998121.3333,51473435.0238,59350821.0714,0.867274185843,46.4460009365
2009-05-22,103.31,101.75,5596200,96.23,100.43,562026366.0,184311684.0,1.32794134786,184311684.0,0.0,64638555.3095,43195112.2381,1.49643216467,59.9428330498
2009-05-26,105.63,101.02,7211200,99.18,101.943333333,735133765.333,-173107399.333,0.764522584193,0.0,173107399.333,53157871.8095,55559926.4762,0.95676641747,48.8952799337
2009-05-27,105.17,102.91,7119600,97.21,101.763333333,724514228.0,10619537.3333,1.01465745864,10619537.3333,0.0,53916410.1905,50437240.3333,1.06898017882,51.6670091749
2009-05-28,105.14,102.68,6127500,98.87,102.23,626414325.0,98099903.0,1.15660545917,98099903.0,0.0,60923546.119,44086109.1429,1.38192159171,58.017089921
2009-05-29,106.5,103.95,6871800,100.37,103.606666667,711964292.0,-85549967.0,0.879839525716,0.0,85549967.0,60923546.119,29253091.619,2.08263615048,67.5602325028
2009-06-01,108.67,106.67,7725000,102.35,105.896666667,818051750.0,-106087458.0,0.870316935328,0.0,106087458.0,37743464.3333,36830767.1905,1.02478083441,50.6119386846
2009-06-02,108.8,106.66,7045800,100.89,105.45,742979610.0,75072140.0,1.10104199226,75072140.0,0.0,41560115.4286,36830767.1905,1.12840754073,53.0165167683
2009-06-03,106.6,105.11,7688000,100.57,104.093333333,800269546.667,-57289936.6667,0.928411699651,0.0,57289936.6667,41560115.4286,39934650.5952,1.04070311895,50.9972817352
2009-06-04,106.87,105.6,5468500,100.42,104.296666667,570346321.667,229923225.0,1.40312914499,229923225.0,0.0,57983202.9286,31502348.7381,1.84059936009,64.7961618928
2009-06-05,108.4,106.75,7665000,101.28,105.476666667,808478650.0,-238132328.333,0.705456256225,0.0,238132328.333,50406949.8571,48511800.7619,1.03906573381,50.9579321834
2009-06-08,107.98,105.5,6363800,101.52,105.0,668199000.0,140279650.0,1.20993693496,140279650.0,0.0,54809917.1905,48511800.7619,1.129826482,53.0478182871
2009-06-09,109.14,107.99,8585900,102.13,106.42,913711478.0,-245512478.0,0.731301965761,0.0,245512478.0,52995771.8095,66048406.3333,0.802377752191,44.5177350428
2009-06-10,109.28,107.05,7578100,102.33,106.22,804945782.0,108765696.0,1.1351217665,108765696.0,0.0,60505131.0952,66048406.3333,0.916072536101,47.8099090113
2009-06-11,110.64,108.56,9134300,103.32,107.506666667,981998145.333,-177052363.333,0.819701937142,0.0,177052363.333,60505131.0952,77337995.0476,0.782346776096,43.8941953714
2009-06-12,109.28,107.75,7250900,102.2,106.41,771568269.0,210429876.333,1.27273008078,210429876.333,0.0,62370716.2619,77337995.0476,0.806469268094,44.6433981656
2009-06-15,108.83,107.24,8567600,101.64,105.903333333,907337398.667,-135769129.667,0.850365332823,0.0,135769129.667,62370716.2619,74670975.7857,0.835273887955,45.5122199164
2009-06-16,109.14,107.27,7231000,101.36,105.923333333,765931623.333,141405775.333,1.18461931983,141405775.333,0.0,71712590.4048,74670975.7857,0.960381053685,48.9895090487
2009-06-17,107.88,106.88,7366200,101.05,105.27,775439874.0,-9508250.66667,0.987738248979,0.0,9508250.66667,64705454.4762,75350136.5476,0.85873042095,46.1998367957
2009-06-18,107.53,106.12,6206900,100.42,104.69,649800361.0,125639513.0,1.19335094368,125639513.0,0.0,73679705.4048,69239424.619,1.06412937153,51.5534242284
2009-06-19,106.65,105.5,13559000,100.0,104.05,1410813950.0,-761013589.0,0.460585437931,0.0,761013589.0,73679705.4048,116019862.548,0.635061133386,38.8402072815
2009-06-22,105.88,104.23,7295400,98.71,102.94,750988476.0,659825474.0,1.8786093197,659825474.0,0.0,115447800.69,116019862.548,0.995069276548,49.8764272622
2009-06-23,104.87,103.79,5152600,98.64,102.433333333,527797993.333,223190482.667,1.42287103302,223190482.667,0.0,131389978.024,111927724.214,1.17388233296,53.9993501563
2009-06-24,106.48,103.72,6395200,98.36,102.853333333,657767637.333,-129969644.0,0.802407968068,0.0,129969644.0,114966890.524,121211270.214,0.94848350587,48.678036176
2009-06-25,106.79,103.51,6900600,100.17,103.49,714143094.0,-56375456.6667,0.921058598563,0.0,56375456.6667,114966890.524,108228636.524,1.06225943721,51.5094957523
2009-06-26,106.5,105.05,5127900,99.81,103.786666667,532207648.0,181935446.0,1.34185049141,181935446.0,0.0,117942304.524,108228636.524,1.08975136629,52.1474173373
2009-06-29,106.18,105.16,4681800,99.95,103.763333333,485799174.0,46408474.0,1.09553016243,46408474.0,0.0,121257195.524,90692030.9524,1.33702150289,57.2104921258
2009-06-30,106.03,103.81,7512600,98.62,102.82,772445532.0,-286646358.0,0.628910588352,0.0,286646358.0,113488217.238,111166770.81,1.02088255701,50.5166692377
2009-07-01,106.27,104.73,5537300,99.01,103.336666667,572206124.333,200239407.667,1.34994279011,200239407.667,0.0,127791032.071,98520173.4286,1.29710522855,56.4669485937
2009-07-02,103.91,101.73,7026700,96.08,100.573333333,706698641.333,-134492517.0,0.809689011505,0.0,134492517.0,112760326.619,108126781.786,1.04285288766,51.0488490856
2009-07-06,102.23,100.47,6522500,96.0,99.5666666667,649423583.333,57275058.0,1.08819368355,57275058.0,0.0,116851402.19,98428986.8095,1.18716453332,54.2787026414
2009-07-07,101.96,100.03,6685600,94.62,98.87,661005272.0,-11581688.6667,0.98247867429,0.0,11581688.6667,106750989.667,99256250.2857,1.07550899172,51.8190475691
2009-07-08,101.17,99.5,7380800,95.08,98.5833333333,727623866.667,-66618594.6667,0.908443637271,0.0,66618594.6667,106750989.667,103335560.571,1.03305182723,50.8128623873
2009-07-09,102.78,100.85,6153200,96.41,100.013333333,615402042.667,112221824.0,1.18235529982,112221824.0,0.0,105792583.31,103335560.571,1.02377712691,50.5874443039
2009-07-10,101.72,99.8,7465900,95.23,98.9166666667,738501941.667,-123099899.0,0.833311340086,0.0,123099899.0,105792583.31,57770297.0,1.83126258308,64.6800686741
2009-07-13,103.65,100.19,9494300,97.86,100.566666667,954810103.333,-216308161.667,0.773454259741,0.0,216308161.667,58662192.3095,73220879.9762,0.801167540305,44.4804562806
2009-07-14,103.62,102.52,5413500,97.51,101.216666667,547936425.0,406873678.333,1.74255636196,406873678.333,0.0,71782420.5714,73220879.9762,0.980354519022,49.503990806
2009-07-15,107.22,104.6,8699100,101.26,104.36,907838076.0,-359901651.0,0.603561845978,0.0,359901651.0,71782420.5714,89644594.7619,0.800744548649,44.4674148396
2009-07-16,110.97,106.79,14997900,104.49,107.416666667,1611024425.0,-703186349.0,0.563516022422,0.0,703186349.0,71782420.5714,135845372.786,0.528412702615,34.5726453144
2009-07-17,115.53,113.16,20188900,109.01,112.566666667,2272597176.67,-661572751.667,0.708891325546,0.0,661572751.667,58787031.5714,183100569.333,0.321064165914,24.3034497641
2009-07-20,116.88,114.39,10682500,109.97,113.746666667,1215098766.67,1057498410.0,1.87029831567,1057498410.0,0.0,131007741.286,183100569.333,0.715496089186,41.7078239756
2009-07-21,117.04,115.38,8301700,110.54,114.32,949050344.0,266048422.667,1.28033120092,266048422.667,0.0,150011200.048,162625829.476,0.922431575173,47.9825439348
2009-07-22,117.2,115.09,8813400,109.15,113.813333333,1003082432.0,-54032088.0,0.946133950435,0.0,54032088.0,135708385.214,166485264.333,0.815137518373,44.9077554798
2009-07-23,118.0,115.06,8461400,110.55,114.536666667,969140551.333,33941880.6667,1.03502266067,33941880.6667,0.0,138132805.262,156878655.976,0.88050732206,46.8228606042
2009-07-24,118.15,116.63,6261000,111.1,115.293333333,721851560.0,247288991.333,1.34257596026,247288991.333,0.0,151705229.071,156878655.976,0.967022748426,49.1617470718
2009-07-27,117.92,116.57,5069200,111.09,115.193333333,583938045.333,137913514.667,1.23617833393,137913514.667,0.0,161556194.405,156051392.5,1.03527557054,50.8666042834
2009-07-28,117.52,116.34,5782900,110.76,114.873333333,664300999.333,-80362954.0,0.879026293682,0.0,80362954.0,161556194.405,157033132.452,1.02880323332,50.7098577339
2009-07-29,117.28,116.05,5100900,110.74,114.69,585022221.0,79278778.3333,1.13551413175,79278778.3333,0.0,159203119.714,157033132.452,1.0138186587,50.3430959049
2009-07-30,119.37,117.67,6803100,111.31,116.116666667,789953295.0,-204931074.0,0.740578240135,0.0,204931074.0,159203119.714,162878216.381,0.977436536645,49.4294769279
2009-07-31,118.99,117.56,5329600,111.38,115.976666667,618109242.667,171844052.333,1.27801566531,171844052.333,0.0,171477694.881,147427633.405,1.16313129988,53.7707211738
2009-08-03,119.96,118.69,6108200,113.26,117.303333333,716512220.667,-98402978.0,0.862663922315,0.0,98402978.0,142415289.286,154456417.548,0.922041903774,47.9719980071
2009-08-04,119.8,119.02,4993500,112.95,117.256666667,585521165.0,130991055.667,1.22371702937,130991055.667,0.0,151771793.262,128749156.762,1.17881776533,54.1035502871
2009-08-05,119.0,117.86,5025800,111.89,116.25,584249250.0,1271915.0,1.0021770075,1271915.0,0.0,151862644.333,78521560.4048,1.9340247895,65.9171250503
2009-08-06,118.4,116.7,6003100,111.37,115.49,693298019.0,-109048769.0,0.84271011021,0.0,109048769.0,151862644.333,39055561.6429,3.88837435554,79.5433015709
2009-08-07,119.91,118.11,5763200,113.22,117.08,674755456.0,18542563.0,1.02748041951,18542563.0,0.0,77651512.4048,39055561.6429,1.98823187117,66.535394738
2009-08-10,119.19,117.97,3981300,112.63,116.596666667,464206309.0,210549147.0,1.45356804274,210549147.0,0.0,73687278.4286,39055561.6429,1.88672945232,65.3587211231
2009-08-11,118.5,117.32,4844500,111.76,115.86,561283770.0,-97077461.0,0.827043883703,0.0,97077461.0,73687278.4286,42130231.1429,1.74903570262,63.6236081239
2009-08-12,119.96,117.42,6289700,113.19,116.856666667,734993376.333,-173709606.333,0.763658269684,0.0,173709606.333,71262858.381,54538060.1667,1.30666287292,56.6473275423
2009-08-13,119.78,118.63,5489200,113.46,117.29,643828268.0,91165108.3333,1.14159848653,91165108.3333,0.0,60111152.4524,54538060.1667,1.10218721144,52.4304974096
2009-08-14,119.74,117.62,4796400,112.5,116.62,559356168.0,84472100.0,1.15101665957,84472100.0,0.0,56293908.5476,54538060.1667,1.03219491811,50.7921218044
2009-08-17,117.44,116.21,5349600,110.88,114.843333333,614365896.0,-55009728.0,0.910460967384,0.0,55009728.0,56293908.5476,52727115.4524,1.06764627772,51.6358281019
2009-08-18,118.0,116.73,4286200,111.61,115.446666667,494827502.667,119538393.333,1.24157588794,119538393.333,0.0,59169595.3333,52727115.4524,1.12218532771,52.8787619563
2009-08-19,118.77,116.12,4837900,112.5,115.796666667,560212693.667,-65385191.0,0.883285059872,0.0,65385191.0,59169595.3333,42759552.381,1.38377490031,58.0497302883
2009-08-20,119.41,118.1,4841700,112.86,116.79,565462143.0,-5249449.33333,0.990716532666,0.0,5249449.33333,46895020.1667,43134513.0476,1.08718093363,52.0884852919
2009-08-21,120.01,118.55,8306800,113.76,117.44,975550592.0,-410088449.0,0.579633847426,0.0,410088449.0,46895020.1667,65397760.9762,0.717073787645,41.7613845604
2009-08-24,120.88,119.1,6363400,113.21,117.73,749163082.0,226387510.0,1.30218722123,226387510.0,0.0,53709052.619,65397760.9762,0.821267453462,45.0931823276
2009-08-25,120.15,118.71,4652200,112.75,117.203333333,545253347.333,203909734.667,1.37397245824,203909734.667,0.0,68183182.5952,65397760.9762,1.04259200281,51.0425969246
2009-08-26,119.85,117.51,4515500,113.36,116.906666667,527892053.333,17361294.0,1.0328879624,17361294.0,0.0,69423275.0238,57608563.1905,1.20508603546,54.6502955477
2009-08-27,119.59,117.85,4356900,113.32,116.92,509408748.0,18483305.3333,1.03628383966,18483305.3333,0.0,69419042.3333,57608563.1905,1.20501256217,54.6487844489
2009-08-28,120.23,117.77,6235700,112.17,116.723333333,727851689.667,-218442941.667,0.699879872826,0.0,218442941.667,54379817.5476,73211630.4524,0.742775665719,42.6202683644
2009-08-31,118.06,116.92,5439400,112.01,115.663333333,629139135.333,98712554.3333,1.15690099183,98712554.3333,0.0,61430714.2857,66277526.0952,0.926870960715,48.102388775
2009-09-01,118.93,116.5,6303800,110.72,115.383333333,727353456.667,-98214321.3333,0.864970296858,0.0,98214321.3333,61430714.2857,60885005.7381,1.00896293826,50.2230737584
2009-09-02,117.24,116.0,5178800,110.15,114.463333333,592782710.667,134570746.0,1.22701530186,134570746.0,0.0,64531116.9762,60885005.7381,1.05988520809,51.4536054692
2009-09-03,116.73,115.15,4936200,110.38,114.086666667,563154604.0,29628106.6667,1.05261096412,29628106.6667,0.0,60613688.881,60885005.7381,0.995543782022,49.8883457728
2009-09-04,117.5,116.21,3451700,111.45,115.053333333,397129590.667,166025013.333,1.41806256002,166025013.333,0.0,72472618.4048,56955739.4524,1.27243749448,55.9943891776
2009-09-08,118.17,116.63,5797500,111.16,115.32,668567700.0,-271438109.333,0.594000563693,0.0,271438109.333,63934161.7381,76344175.8333,0.837446485475,45.5766462912
2009-09-09,117.67,116.16,5248100,110.79,114.873333333,602866740.667,65700959.3333,1.10898089893,65700959.3333,0.0,68627087.4048,71673805.0476,0.957491894831,48.9142201487
2009-09-10,117.83,116.75,4889400,111.65,115.41,564285654.0,38581086.6667,1.0683715533,38581086.6667,0.0,71382879.3095,71298844.381,1.0011786296,50.0294483857
2009-09-11,119.25,117.47,5893700,112.01,116.243333333,685103333.667,-120817679.667,0.823650428002,0.0,120817679.667,71382879.3095,50636646.5714,1.40970787252,58.5011938001
2009-09-14,118.99,116.94,4758600,112.8,116.243333333,553155526.0,131947807.667,1.23853654436,131947807.667,0.0,64637186.2857,50636646.5714,1.27649026273,56.0727310645
2009-09-15,119.45,118.16,6536000,113.24,116.95,764385200.0,-211229674.0,0.723660696204,0.0,211229674.0,50072205.2381,65724480.4286,0.761850149466,43.2414839422
2009-09-16,122.0,119.3,11236700,115.59,118.963333333,1336755287.67,-572370087.667,0.571821340115,0.0,572370087.667,48832112.8095,106608058.119,0.458052737017,31.4153751362
2009-09-17,122.78,121.05,8392600,115.64,119.823333333,1005629307.33,331125980.333,1.32927240477,331125980.333,0.0,71163732.4524,106608058.119,0.667526767751,40.0309476681
2009-09-18,122.88,121.62,9935800,115.86,120.12,1193488296.0,-187858988.667,0.842596706397,0.0,187858988.667,71163732.4524,104423490.048,0.681491610939,40.5289926221
2009-09-21,122.08,120.88,4515100,115.35,119.436666667,539268493.667,654219802.333,2.21316155128,654219802.333,0.0,110842821.595,104423490.048,1.06147401839,51.4910209356
2009-09-22,122.11,120.98,5564700,115.39,119.493333333,664944552.0,-125676058.333,0.810997687017,0.0,125676058.333,110842821.595,106385042.69,1.04190230875,51.0260605653
2009-09-23,122.74,120.71,5538100,114.64,119.363333333,661046076.333,3898475.66667,1.00589743409,3898475.66667,0.0,101509088.0,106385042.69,0.954166915131,48.8272986173
2009-09-24,121.65,120.4,5426800,114.75,118.933333333,645427413.333,15618663.0,1.02419894581,15618663.0,0.0,100508413.452,106385042.69,0.944760756875,48.5797933517
2009-09-25,121.65,120.1,5187900,114.88,118.876666667,616720259.0,28707154.3333,1.04654809683,28707154.3333,0.0,90699994.9524,106385042.69,0.852563411722,46.0207411162
2009-09-28,122.0,118.94,8248600,113.22,118.053333333,973774725.333,-357054466.333,0.633329499068,0.0,357054466.333,90699994.9524,112500496.762,0.806218617366,44.6357162757
2009-09-29,119.94,118.6,6748800,112.73,117.09,790216992.0,183557733.333,1.23228775791,183557733.333,0.0,99118335.9524,112500496.762,0.881047984723,46.8381451126
2009-09-30,120.0,117.55,7733300,113.49,117.013333333,904899210.667,-114682218.667,0.873265202008,0.0,114682218.667,96362544.0476,120692083.81,0.798416441295,44.3955261396
2009-10-01,119.61,117.56,7067500,111.87,116.346666667,822280066.667,82619144.0,1.1004756741,82619144.0,0.0,102263911.476,112062249.548,0.912563435849,47.7141525737
2009-10-02,119.66,117.26,7581900,112.93,116.616666667,884175905.0,-61895838.3333,0.929996013256,0.0,61895838.3333,92839068.0714,116483380.857,0.797015568987,44.3521793991
2009-10-05,120.18,118.13,5673300,113.62,117.31,665534823.0,218641082.0,1.32851937186,218641082.0,0.0,108456288.214,101395547.0,1.06963561441,51.6823158127
2009-10-06,121.59,120.22,6659100,115.14,118.983333333,792321915.0,-126787092.0,0.839980329207,0.0,126787092.0,108456288.214,69568190.1667,1.55899252165,60.922121048
2009-10-07,122.85,120.94,5872000,116.5,120.096666667,705207626.667,87114288.3333,1.12352998612,87114288.3333,0.0,91026881.6429,69568190.1667,1.30845550854,56.6809931446
2009-10-08,122.98,121.85,6498000,116.03,120.286666667,781622760.0,-76415133.3333,0.90223527609,0.0,76415133.3333,91026881.6429,61607914.7857,1.47751927588,59.6370446142
2009-10-09,126.0,122.3,13123100,119.49,122.596666667,1608848316.33,-827225556.333,0.485827502857,0.0,827225556.333,44296895.7619,120695454.524,0.367013786366,26.8478482094
2009-10-12,127.1,125.2,7730500,120.54,124.28,960746540.0,648101776.333,1.67458143157,648101776.333,0.0,90589879.7857,111718593.214,0.810875586412,44.7780947789
2009-10-13,127.39,126.2,7581300,120.52,124.703333333,945413381.0,15333159.0,1.01621847047,15333159.0,0.0,91406642.881,111718593.214,0.818186483119,45.000141114
2009-10-14,128.61,126.6,9545500,121.78,125.663333333,1199519348.33,-254105967.333,0.788160176252,0.0,254105967.333,90291024.0952,129869019.452,0.695246830044,41.0115398963
2009-10-15,128.0,126.32,11904600,121.43,125.25,1491051150.0,-291531801.667,0.804479006863,0.0,291531801.667,88240513.0714,150692719.571,0.585565867564,36.9310338689
2009-10-16,123.7,121.25,19216900,115.42,120.123333333,2308398084.33,-817346934.333,0.645924617647,0.0,817346934.333,88240513.0714,183570753.0,0.480689388856,32.4638909736
2009-10-19,123.36,121.61,7514100,116.76,120.576666667,906025131.0,1402372953.33,2.54783008258,1402372953.33,0.0,175298743.071,183570753.0,0.954938301481,48.8474905197
2009-10-20,123.5,121.5,8780700,116.54,120.513333333,1058191426.0,-152166295.0,0.85620154231,0.0,152166295.0,175298743.071,186248187.024,0.941210466919,48.4857506673
2009-10-21,124.11,120.86,7171000,114.68,119.883333333,859683383.333,198508042.667,1.23090831638,198508042.667,0.0,183576521.548,186248187.024,0.985655347744,49.6387929992
2009-10-22,123.0,120.34,6027000,116.41,119.916666667,722737750.0,136945633.333,1.18948177722,136945633.333,0.0,193358352.5,181827055.714,1.06341903706,51.536746437
2009-10-23,123.06,120.0,6799200,114.2,119.086666667,809694064.0,-86956314.0,0.892605963331,0.0,86956314.0,177741132.357,188038221.0,0.945239384908,48.5924453433
2009-10-26,122.44,119.55,6538500,113.96,118.65,775793025.0,33901039.0,1.04369856122,33901039.0,0.0,180162635.143,178982000.143,1.00659638958,50.164367623
2009-10-27,122.14,119.15,9445400,114.48,118.59,1120129986.0,-344336961.0,0.692591962269,0.0,344336961.0,173940185.976,203577497.357,0.854417547294,46.0747121672
2009-10-28,121.68,119.87,8780400,115.28,118.943333333,1044370044.0,75759942.0,1.07254128212,75759942.0,0.0,179351610.405,198119273.548,0.905270886538,47.5140250625
2009-10-29,123.03,121.6,6309400,116.58,120.403333333,759672791.333,284697252.667,1.37476299785,284697252.667,0.0,199687128.452,139031733.81,1.43627014481,58.9536487927
2009-10-30,123.25,120.48,7711700,114.44,119.39,920699863.0,-161027071.667,0.825103621562,0.0,161027071.667,153394144.429,150533667.5,1.01900224034,50.4705849245
2009-11-02,121.93,119.5,7049400,114.39,118.606666667,836105836.0,84594027.0,1.1011762188,84594027.0,0.0,158341349.286,150533667.5,1.05186668149,51.2638901435
2009-11-03,121.19,119.53,5706800,114.96,118.56,676598208.0,159507628.0,1.23574940949,159507628.0,0.0,169734751.286,132383241.262,1.28214681608,56.18160966
2009-11-04,122.5,121.16,6353300,115.08,119.58,759727614.0,-83129406.0,0.890579986211,0.0,83129406.0,169734751.286,117497355.857,1.44458358273,59.0932375124
2009-11-05,123.5,122.0,6701800,116.8,120.766666667,809354046.667,-49626432.6667,0.938683901228,0.0,49626432.6667,169734751.286,62660177.1667,2.70881377871,73.0372011197
2009-11-06,123.49,122.23,4979600,117.7,121.14,603228744.0,206125302.667,1.3417033832,206125302.667,0.0,84288490.5238,62660177.1667,1.34516840416,57.3591389759
2009-11-09,126.0,123.49,7764600,120.09,123.193333333,956546956.0,-353318212.0,0.630631606965,0.0,353318212.0,84288490.5238,77028171.2381,1.09425537656,52.2503314929
2009-11-10,127.05,125.17,6444500,120.96,124.393333333,801652836.667,154894119.333,1.19321845099,154894119.333,0.0,81173210.2857,77028171.2381,1.05381198828,51.3100514697
2009-11-11,127.3,125.94,6530800,121.22,124.82,815174456.0,-13521619.3333,0.983412606671,0.0,13521619.3333,71391379.3333,77994001.1905,0.915344491161,47.7900709447
2009-11-12,127.65,126.11,5345400,120.34,124.7,666571380.0,148603076.0,1.22293647831,148603076.0,0.0,82005884.7619,71782835.9048,1.14241634129,53.3237316797
2009-11-13,127.8,126.27,4979700,121.07,125.046666667,622694886.0,43876494.0,1.0704622681,43876494.0,0.0,82718417.2619,71782835.9048,1.15234256517,53.5389943877
2009-11-16,128.24,127.03,7822500,122.2,125.823333333,984253025.0,-361558139.0,0.632657325082,0.0,361558139.0,82718417.2619,73012920.0476,1.13292849003,53.1161028287
2009-11-17,128.65,127.4,1027500,122.6,126.216666667,129687625.0,854565400.0,7.58941360057,854565400.0,0.0,138347378.548,73012920.0476,1.89483420821,65.4557073713
2009-11-18,128.35,127.55,3970100,122.14,126.013333333,500285534.667,-370597909.667,0.259227213288,0.0,370597909.667,118011860.5,99484199.3095,1.1862372248,54.2593096185
2009-11-19,127.84,126.51,5308400,121.56,125.303333333,665160214.667,-164874680.0,0.752127868798,0.0,164874680.0,118011860.5,99759028.4762,1.18296922397,54.1908337955
2009-11-20,127.69,126.46,5354200,121.0,125.05,669542710.0,-4382495.33333,0.993454494735,0.0,4382495.33333,111969430.0,100072063.857,1.11888798616,52.8054334853
2009-11-23,128.94,127.65,7003500,122.19,126.26,884261910.0,-214719200.0,0.75717692058,0.0,214719200.0,100576028.0,115409149.571,0.871473608232,46.5661714062
2009-11-24,128.32,127.14,4816500,121.93,125.796666667,605899645.0,278362265.0,1.45941975259,278362265.0,0.0,120459046.929,109471334.857,1.10037067773,52.3893562882
2009-11-25,128.22,127.08,3967700,121.31,125.536666667,498091832.333,107807812.667,1.21644163921,107807812.667,0.0,128159604.976,105926589.667,1.20989078738,54.7488950263
2009-11-27,126.62,124.26,3319200,119.8,123.56,410120352.0,87971480.3333,1.21450162106,87971480.3333,0.0,119720046.238,105926589.667,1.1302171307,53.0564285871
2009-11-30,126.6,124.92,6302700,120.42,123.98,781408746.0,-371288394.0,0.524847404255,0.0,371288394.0,119720046.238,107210174.095,1.11668549416,52.7563257385
2009-12-01,128.39,126.85,6578600,121.94,125.726666667,827105449.333,-45696703.3333,0.944751055177,0.0,45696703.3333,108656180.571,110474224.333,0.983543276517,49.5851685295
2009-12-02,128.39,127.16,4597900,121.24,125.596666667,577480913.667,249624535.667,1.43226456452,249624535.667,0.0,126486504.548,109508394.381,1.15503934893,53.5971349897
2009-12-03,128.47,127.25,5760000,121.57,125.763333333,724396800.0,-146915886.333,0.797188659125,0.0,146915886.333,115871999.119,120002386.262,0.965580791587,49.1244519543
2009-12-04,128.9,126.0,7068500,121.28,125.393333333,886342776.667,-161945976.667,0.817287418671,0.0,161945976.667,112737963.833,131569956.024,0.856867078476,46.1458490168
2009-12-07,127.53,126.59,4144400,121.08,125.066666667,518326293.333,368016483.333,1.71000928964,368016483.333,0.0,139024855.5,105744374.667,1.31472578034,56.7983383391
2009-12-08,127.35,126.16,5351400,120.85,124.786666667,667783368.0,-149457074.667,0.77618928259,0.0,149457074.667,77984469.7857,116419880.0,0.669855266864,40.1145704156
2009-12-09,128.39,126.11,6071900,122.37,125.623333333,762772317.667,-94988949.6667,0.875468803119,0.0,94988949.6667,77984469.7857,96733525.7143,0.806178304883,44.6344805883
2009-12-10,129.47,128.09,7077800,123.27,126.943333333,898479524.667,-135707207.0,0.848959043279,0.0,135707207.0,77984469.7857,94650134.7857,0.823923494269,45.1731389424
2009-12-11,129.77,128.71,6597200,123.6,127.36,840219392.0,58260132.6667,1.06933919072,58260132.6667,0.0,82145907.8333,94337099.4048,0.870769912915,46.5460721227
2009-12-14,129.98,129.6,5201300,123.83,127.803333333,664743477.667,175475914.333,1.26397538333,175475914.333,0.0,94679901.7143,79000013.6905,1.19847956084,54.5140187877
2009-12-15,129.86,127.94,7862600,122.46,126.753333333,996610758.667,-331867281.0,0.667004115585,0.0,331867281.0,74796882.7857,102704819.476,0.728270427495,42.1386847746
2009-12-16,129.6,128.35,6372500,122.67,126.873333333,808500316.667,188110442.0,1.23266588537,188110442.0,0.0,80532784.881,102704819.476,0.784118849453,43.9499223773
2009-12-17,128.56,127.12,5909500,121.42,125.7,742824150.0,65676166.6667,1.08841415114,65676166.6667,0.0,78940262.4762,102704819.476,0.768613029834,43.4585190129
2009-12-18,128.39,127.0,9106600,121.91,125.766666667,1145306726.67,-402482576.667,0.648580971983,0.0,402482576.667,78940262.4762,104932975.381,0.752292234063,42.9318934045
2009-12-21,128.94,127.68,4772500,122.61,126.41,603291725.0,542015001.667,1.89842936544,542015001.667,0.0,117655619.738,101668925.143,1.15724268328,53.6445292988
2009-12-22,129.98,129.19,5535500,123.83,127.666666667,706698833.333,-103407108.333,0.853675846831,0.0,103407108.333,99825295.7619,109055147.167,0.915365284037,47.7906377267
2009-12-23,130.0,129.3,4127600,123.9,127.733333333,527232106.667,179466726.667,1.34039415354,179466726.667,0.0,112644347.667,98561155.2857,1.1428878582,53.3340022358
2009-12-24,130.57,129.48,4265100,124.44,128.163333333,546629433.0,-19397326.3333,0.964514669057,0.0,19397326.3333,112644347.667,88379108.8333,1.27455853712,56.035424735
2009-12-28,132.31,130.72,5800400,126.1,129.71,752369884.0,-205740451.0,0.726543478978,0.0,205740451.0,86357456.0,103074855.333,0.837813021621,45.5875005653
2009-12-29,132.37,131.8,4184200,125.66,129.943333333,543708895.333,208660988.667,1.38377335824,208660988.667,0.0,101261812.333,92399350.0,1.09591476924,52.2881362031
2009-12-30,132.68,130.68,3867000,126.35,129.903333333,502336190.0,41372705.3333,1.08236059069,41372705.3333,0.0,104217005.571,85614425.0238,1.21728325037,54.8997630396
2009-12-31,132.85,130.75,4223400,124.76,129.453333333,546733208.0,-44397018.0,0.918795827013,0.0,44397018.0,104217005.571,79092268.6667,1.31766362665,56.8531003162
